NAME,SYMBOL,fluc,amount
밀리의서재,418470,2,3
오리엔트정공,065500,2,3
위니아,071460,3,3
에이텍,045660,1,3
카나리아바이오,016790,3,3
한올바이오파마,009420,1,3
동신건설,025950,1,3
티피씨글로벌,130740,1,3
유진로봇,056080,1,3
하인크코리아,373200,2,3
육일씨엔에쓰,191410,1,3
올리패스,244460,3,3
KR모터스,000040,1,3
트윔,290090,2,3
흥구석유,024060,1,3
드림씨아이에스,223250,1,3
일성건설,013360,2,3
에이텍모빌리티,224110,1,3
큐라티스,348080,3,3
비엘팜텍,065170,2,3
DRB동일,004840,1,3
휴마시스,205470,3,3
중앙첨단소재,051980,3,3
KISCO홀딩스,001940,1,3
넥스트칩,396270,1,3
이원컴포텍,088290,3,3
대동,000490,1,3
디아이씨,092200,1,3
AP위성,211270,2,3
위니아에이드,377460,3,3
대웅제약,069620,2,3
토탈소프트,045340,1,3
한창,005110,3,2
누리플랜,069140,3,2
지니너스,389030,1,3
지아이이노베이션,358570,1,3
지오릿에너지,270520,2,3
세종메디칼,258830,3,3
퓨쳐켐,220100,1,3
SBW생명과학,151910,3,3
제넨바이오,072520,3,3
케이아이엔엑스,093320,1,3
대웅,003090,2,3
펩트론,087010,1,3
크라우드웍스,355390,3,3
대동기어,008830,1,3
애니젠,196300,2,3
플레이위드,023770,2,2
신성델타테크,065350,1,3
제노포커스,187420,3,2
TYM,002900,3,3
엔시스,333620,2,2
큐리옥스바이오시스템즈,445680,2,3
알테오젠,196170,1,3
예스티,122640,3,3
라이온켐텍,171120,3,2
손오공,066910,1,3
에스와이,109610,1,3
오리엔트바이오,002630,2,3
에이프릴바이오,397030,2,3
휴비츠,065510,2,3
우리엔터프라이즈,037400,2,2
오스코텍,039200,1,3
이수페타시스,007660,1,3
유아이디,069330,2,2
에스피시스템스,317830,2,3
수산아이앤티,050960,3,3
대유에이피,290120,3,2
에스티아이,039440,1,3
삼보산업,009620,1,3
THE MIDONG,161570,3,2
케이엔솔,053080,1,3
코윈테크,282880,1,3
알에스오토메이션,140670,2,3
우양,103840,1,3
알에프세미,096610,3,2
대동금속,020400,2,3
휴림로봇,090710,3,3
현대바이오,048410,2,3
씨유메디칼,115480,2,2
에프알텍,073540,2,2
티에프이,425420,1,3
에스앤더블류,103230,3,2
한국석유,004090,2,3
QV S&P500 VIX S/T 선물 ETN D,550081,3,2
한일단조,024740,2,2
인탑스,049070,3,3
CJ CGV,079160,3,3
엔피디,198080,3,2
모비릭스,348030,3,3
머큐리,100590,1,3
에스에이티이엔지,351320,3,2
이노메트리,302430,2,2
소프트캠프,258790,2,2
라온피플,300120,2,2
방림,003610,3,2
영풍정밀,036560,1,3
신한 블룸버그 레버리지 WTI원유 선물 ETN,500065,1,3
삼성 블룸버그 레버리지 WTI원유 선물 ETN,530099,1,3
신한 레버리지 WTI원유 선물 ETN(H),500019,1,2
아이텍,119830,2,2
미래에셋 레버리지 원유선물혼합 ETN(H),520009,1,2
보로노이,310210,2,3
에쓰씨엔지니어링,023960,2,3
에이프로젠바이오로직스,003060,3,2
에이루트,096690,2,2
이노시뮬레이션,274400,3,3
제룡전기,033100,1,3
뉴로메카,348340,1,3
테이팩스,055490,3,2
퓨런티어,370090,1,3
데브시스터즈,194480,2,3
엑세스바이오,950130,1,3
리노스,039980,2,2
이건홀딩스,039020,2,3
비비안,002070,2,2
신테카바이오,226330,2,3
비에이치아이,083650,2,3
한창산업,079170,3,2
한주라이트메탈,198940,3,3
에스피지,058610,1,3
셀리드,299660,3,2
코아시아,045970,2,2
SOL 차이나태양광CSI(합성),413220,2,1
한국큐빅,021650,2,2
가비아,079940,1,3
에스씨엠생명과학,298060,3,2
TRUE 블룸버그 레버리지 WTI원유 선물 ETN,570078,1,3
정원엔시스,045510,2,1
유일에너테크,340930,3,2
미래생명자원,218150,3,2
헬릭스미스,084990,3,2
삼성 레버리지 WTI원유 선물 ETN,530031,1,3
QV 블룸버그 2X WTI원유선물 ETN,550071,1,1
에이팩트,200470,2,2
신화콘텍,187270,2,2
ISC,095340,1,3
제룡산업,147830,2,2
에스비비테크,389500,2,3
네오이뮨텍,950220,3,2
브이티,018290,1,3
로보로보,215100,2,2
듀오백,073190,1,2
알피바이오,314140,3,2
한미글로벌,053690,2,3
레고켐바이오,141080,2,3
신세계건설,034300,3,2
인포뱅크,039290,3,2
하나 S&P 레버리지 WTI원유 선물 ETN,700015,1,2
파로스아이바이오,388870,2,3
한국철강,104700,2,3
로보스타,090360,2,3
LIG넥스원,079550,1,3
금양그린파워,282720,3,3
툴젠,199800,3,2
코웰패션,033290,1,3
지더블유바이텍,036180,2,3
PI첨단소재,178920,3,3
화일약품,061250,2,2
베노티앤알,206400,1,3
자비스,254120,3,2
리노공업,058470,1,3
이스타코,015020,2,3
메리츠 블룸버그 레버리지 WTI선물 ETN(H),610041,1,2
피씨엘,241820,3,2
티로보틱스,117730,1,3
큐렉소,060280,1,3
혜인,003010,2,2
현대오토에버,307950,1,3
모비데이즈,363260,3,3
핑거스토리,417180,3,2
에이스토리,241840,3,3
KB S&P 레버리지 WTI원유 선물 ETN(H),580036,1,1
대구백화점,006370,2,2
경동인베스트,012320,3,3
가온전선,000500,2,2
한미반도체,042700,1,3
바이오인프라,199730,3,2
해성티피씨,059270,2,3
카프로,006380,3,2
클리노믹스,352770,3,2
SAMG엔터,419530,3,3
엠에프엠코리아,323230,1,3
유진투자증권,001200,1,3
이구산업,025820,3,3
대화제약,067080,1,3
진시스템,363250,1,3
스마트레이더시스템,424960,3,3
그린생명과학,114450,3,2
이라이콤,041520,3,2
바이오톡스텍,086040,3,2
모바일어플라이언스,087260,2,3
파마리서치,214450,1,3
TRUE S&P500 VIX S/T 선물 ETN(H),570088,3,2
이지트로닉스,377330,3,2
레이저쎌,412350,2,3
삼일제약,000520,2,2
한진칼,180640,2,3
인스코비,006490,2,2
나무기술,242040,3,2
제로투세븐,159580,3,2
윈텍,320000,3,2
진영,285800,3,2
현대비앤지스틸,004560,3,2
블레이드 Ent,044480,3,2
디어유,376300,2,3
코맥스,036690,3,2
프로테옴텍,303360,3,2
조선내화,462520,3,3
엔브이에이치코리아,067570,3,2
넵튠,217270,2,3
피피아이,062970,3,2
인바디,041830,2,2
셀바스헬스케어,208370,1,3
유비쿼스,264450,1,2
브이원텍,251630,2,2
라이프시맨틱스,347700,3,2
나라셀라,405920,3,2
시그네틱스,033170,2,2
에이스테크,088800,2,3
와이투솔루션,011690,1,2
나무가,190510,3,2
에이프로젠 H&G,109960,2,2
팜스빌,318010,2,2
정다운,208140,2,2
이노룰스,296640,3,2
동성제약,002210,2,3
휴맥스,115160,2,2
TPC,048770,2,2
에이엘티,172670,2,3
동화기업,025900,1,3
웰크론한텍,076080,3,2
나래나노텍,137080,3,2
케어젠,214370,3,3
패션플랫폼,225590,2,2
HLB제약,047920,2,3
엔바이오니아,317870,1,2
씨에스베어링,297090,1,3
샤페론,378800,3,3
케이엠제약,225430,3,2
파워로직스,047310,3,3
한독,002390,2,2
우림피티에스,101170,2,2
오브젠,417860,3,3
유비온,084440,2,2
코츠테크놀로지,448710,3,2
CSA 코스믹,083660,2,2
상신전자,263810,3,2
로보티즈,108490,3,3
원티드랩,376980,2,2
인벤티지랩,389470,1,3
쎄트렉아이,099320,2,2
수젠텍,253840,2,2
일승,333430,3,2
폴라리스우노,114630,3,2
윙스풋,335870,3,2
EDGC,245620,3,2
골드앤에스,035290,3,2
GH신소재,130500,3,2
NH올원리츠,400760,2,2
현대무벡스,319400,3,3
이화공영,001840,3,2
피코그램,376180,3,2
티이엠씨,425040,2,2
포스코DX,022100,1,3
태경케미컬,006890,2,2
삼성 S&P500 VIX S/T 선물 ETN,530109,3,2
엔켐,348370,3,3
비트나인,357880,3,2
케이씨에스,115500,3,2
동일고무벨트,163560,2,3
메타바이오메드,059210,1,2
피에스케이홀딩스,031980,1,3
알체라,347860,3,2
실리콘투,257720,1,3
풀무원,017810,2,3
와이즈버즈,273060,3,2
이엔플러스,074610,3,3
석경에이티,357550,1,3
동양에스텍,060380,2,2
유일로보틱스,388720,3,3
퀀타매트릭스,317690,2,2
셀트리온제약,068760,2,3
아이에스이커머스,069920,3,2
조이시티,067000,3,2
코이즈,121850,3,3
아이윈,090150,3,2
오픈베이스,049480,2,2
제이아이테크,417500,3,2
클라우드에어,036170,3,2
하이딥,365590,1,3
씨티씨바이오,060590,1,3
아이톡시,052770,2,2
KODEX 바이오,244580,2,3
신한 S&P500 VIX S/T 선물 ETN D,500076,3,2
대신 S&P500 VIX S/T 선물 ETN,510025,3,2
KoAct 바이오헬스케어액티브,462900,2,3
해태제과식품,101530,2,1
에스디바이오센서,137310,3,3
현우산업,092300,3,2
한온시스템,018880,1,3
고려산업,002140,3,2
미코바이오메드,214610,3,3
옵트론텍,082210,2,2
엘티씨,170920,3,2
엔지켐생명과학,183490,2,2
에코플라스틱,038110,3,2
코오롱생명과학,102940,2,2
계양전기우,012205,2,2
에이비엘바이오,298380,2,3
오스템,031510,1,2
삼영에스앤씨,361670,3,1
화인베스틸,133820,3,2
에이비온,203400,2,2
상신이디피,091580,3,3
네온테크,306620,3,2
엘브이엠씨홀딩스,900140,2,3
SG,255220,3,2
TRUE 인버스 2X 은 선물 ETN,570062,2,1
대신 레버리지 코스닥 150 선물 ETN,510026,2,1
현대에이치티,039010,3,2
일진전기,103590,1,3
성안,011300,1,3
에이피티씨,089970,1,3
러셀,217500,3,2
화성산업,002460,2,2
삼양식품,003230,1,3
테라젠이텍스,066700,2,2
TKG애강,022220,2,2
SM C&C,048550,3,2
트루윈,105550,2,2
TIMEFOLIO K바이오액티브,463050,2,3
신신제약,002800,1,3
HLB,028300,2,3
모베이스,101330,2,2
티엘비,356860,2,3
코난테크놀로지,402030,2,3
팬젠,222110,2,1
네오셈,253590,2,2
코아스템켐온,166480,2,2
YTN,040300,2,3
중앙에너비스,000440,2,3
강원에너지,114190,3,3
삼일기업공사,002290,2,2
미디어젠,279600,2,2
엔투텍,227950,3,2
비투엔,307870,3,3
에이치와이티씨,148930,3,2
파세코,037070,2,2
HANARO 코스닥150선물레버리지,306530,2,2
에치에프알,230240,3,3
자연과환경,043910,2,3
대주산업,003310,2,2
TRUE 레버리지 코스닥 150 선물 ETN,570081,2,2
우진플라임,049800,2,2
휴럼,353190,2,2
오토앤,353590,2,2
크리스에프앤씨,110790,1,2
SJM,123700,3,2
진양화학,051630,1,2
아이즈비전,031310,2,2
제이준코스메틱,025620,3,1
아시아종묘,154030,2,2
쏠리드,050890,1,3
코미팜,041960,2,2
마크로젠,038290,3,2
티라유텍,322180,3,3
푸른기술,094940,2,3
라닉스,317120,2,2
드림텍,192650,1,3
네오리진,094860,3,2
한미사이언스,008930,2,3
유티아이,179900,1,3
프로텍,053610,2,3
에이테크솔루션,071670,2,2
피제이메탈,128660,2,2
세진티에스,067770,3,2
에스티큐브,052020,3,3
하나기술,299030,1,3
티에스아이,277880,2,3
보라티알,250000,3,2
캐리소프트,317530,3,2
SGA솔루션즈,184230,3,2
한세예스24홀딩스,016450,2,2
코세스,089890,3,2
핑거,163730,3,2
지에스이,053050,3,3
원텍,336570,1,3
오리엔탈정공,014940,2,2
엠플러스,259630,2,3
스피어파워,203690,1,2
삼성 레버리지 코스닥150 선물 ETN,530106,2,1
유엔젤,072130,3,2
HLB글로벌,003580,3,2
한솔인티큐브,070590,2,2
와이엠텍,273640,3,2
케이씨피드,025880,2,2
국도화학,007690,1,2
아이비김영,339950,3,2
인베니아,079950,3,2
한신기계,011700,2,3
지놈앤컴퍼니,314130,3,2
태성,323280,1,2
포메탈,119500,1,3
자람테크놀로지,389020,3,2
큐라클,365270,2,2
압타머사이언스,291650,3,2
TIGER 200 헬스케어,227540,2,2
우성,006980,2,2
HLB이노베이션,024850,2,2
엠에스씨,009780,2,2
KODEX 미국S&P바이오(합성),185680,2,2
남광토건,001260,2,2
DN오토모티브,007340,2,3
오에스피,368970,3,2
진양제약,007370,2,2
코드네이처,078940,1,2
디스플레이텍,066670,2,2
내츄럴엔도텍,168330,2,2
이루온,065440,3,2
한양디지텍,078350,2,2
덕산테코피아,317330,3,2
이노뎁,303530,3,2
모헨즈,006920,2,2
케이피에스,256940,3,2
아이티아이즈,372800,3,2
큐알티,405100,2,2
백금T&A,046310,2,2
이녹스,088390,3,2
가온칩스,399720,1,3
엑스큐어,070300,2,2
TJ미디어,032540,2,2
키네마스터,139670,3,2
에스엔유,080000,3,2
동양이엔피,079960,1,2
이루다,164060,2,3
미래에셋 레버리지 코스닥150 선물 ETN,520056,2,2
디이엔티,079810,2,3
KODEX WTI원유선물(H),261220,1,3
그리티,204020,2,2
팬오션,028670,2,3
코오롱글로벌우,003075,3,2
하이스틸,071090,2,2
동국홀딩스,001230,3,2
KB 레버리지 KOSDAQ 150 선물 ETN,580043,2,1
우진,105840,2,3
소룩스,290690,2,3
국일신동,060480,3,2
이삭엔지니어링,351330,2,3
갤럭시아에스엠,011420,3,2
삼보모터스,053700,2,2
이수스페셜티케미컬,457190,3,3
이스트소프트,047560,1,3
대명에너지,389260,3,3
제이브이엠,054950,2,3
이수화학,005950,3,3
동양피스톤,092780,2,2
이엘피,063760,3,2
세아베스틸지주,001430,1,3
신스틸,162300,3,3
티움바이오,321550,3,2
대한과학,131220,2,2
아이큐어,175250,3,2
미래나노텍,095500,3,3
모나미,005360,3,2
아시아경제,127710,2,2
마음AI,377480,2,3
TIGER 차이나클린에너지SOLACTIVE,396510,2,2
티에스이,131290,2,3
화신,010690,2,3
바이오다인,314930,1,3
올릭스,226950,3,3
NPC,004250,3,2
아비코전자,036010,2,2
드래곤플라이,030350,3,2
잉글우드랩,950140,1,2
신세계인터내셔날,031430,2,3
성일하이텍,365340,3,3
에스아이리소스,065420,3,2
메리츠 인버스 2X 은 선물 ETN(H),610017,2,1
비나텍,126340,3,3
스맥,099440,1,3
한일진공,123840,3,2
앱클론,174900,3,2
스페코,013810,3,2
KODEX 코스닥150레버리지,233740,2,3
지니언스,263860,2,2
애니플러스,310200,3,3
에이디테크놀로지,200710,1,3
DMS,068790,2,2
크린앤사이언스,045520,2,2
TRUE 블룸버그 WTI원유 선물 ETN,570077,1,2
케이피엠테크,042040,3,2
서진시스템,178320,2,3
메가엠디,133750,3,2
TIGER 구리실물,160580,2,2
골든센츄리,900280,3,2
KBSTAR 코스닥150선물레버리지,278240,2,2
케스피온,079190,3,2
대성산업,128820,2,2
TIGER 코스닥150바이오테크,261070,2,2
심텍홀딩스,036710,2,2
HD현대,267250,1,3
이오테크닉스,039030,1,3
팅크웨어,084730,1,2
셀바이오휴먼텍,318160,3,2
부산산업,011390,2,2
하이비젼시스템,126700,2,3
LS마린솔루션,060370,1,2
팜젠사이언스,004720,1,3
페이퍼코리아,001020,3,2
아셈스,136410,3,2
시공테크,020710,1,2
제주은행,006220,3,3
케이피에프,024880,2,2
파두,440110,2,3
트루엔,417790,3,2
한국전자금융,063570,2,2
HB솔루션,297890,3,3
한글과컴퓨터,030520,2,3
IBKS제22호스팩,448760,2,2
켄코아에어로스페이스,274090,2,2
한국무브넥스,010100,1,3
SK가스,018670,1,3
웨이버스,336060,2,2
성광벤드,014620,1,3
미래에셋생명,085620,1,3
에이프로,262260,2,2
덕신하우징,090410,2,3
KTis,058860,2,3
삼아알미늄,006110,1,3
유아이엘,049520,1,2
KBSTAR 헬스케어,253280,2,1
농심,004370,1,3
현대건설우,000725,3,2
알톤스포츠,123750,3,2
KOSEF 코스닥150선물레버리지,291630,2,2
에스에이티,060540,1,3
넥스턴바이오,089140,3,2
코오롱모빌리티그룹,450140,3,2
한국카본,017960,2,3
꿈비,407400,3,3
나노팀,417010,3,2
심텍,222800,1,3
제넥신,095700,3,3
삼성머스트스팩5호,380320,3,1
LS전선아시아,229640,3,3
링크제니시스,219420,2,2
클리오,237880,1,3
팜스토리,027710,2,2
상지카일룸,042940,2,2
나노브릭,286750,2,2
인선이엔티,060150,2,2
풍강,093380,2,2
오로라,039830,2,2
바이오솔루션,086820,1,2
키이스트,054780,3,2
삼성 블룸버그 WTI원유 선물 ETN,530098,1,1
제이씨케미칼,137950,2,2
씨젠,096530,2,3
메디톡스,086900,1,3
하나 인버스 코스닥150 선물 ETN,700008,2,1
남해화학,025860,2,2
하이텍팜,106190,1,2
DL이앤씨,375500,2,3
휴젤,145020,2,3
SIMPAC,009160,3,2
성우테크론,045300,3,2
TIGER 원유선물Enhanced(H),130680,1,2
콘텐트리중앙,036420,3,3
미래반도체,254490,2,2
KB오토시스,024120,3,2
배럴,267790,2,2
삼화네트웍스,046390,3,2
미코,059090,2,3
메디프론,065650,3,2
옵티시스,109080,3,2
TIGER 스페이스테크iSelect,463250,2,2
화승엔터프라이즈,241590,2,2
동방선기,099410,3,2
KBSTAR Fn5G테크,367760,1,2
파이버프로,368770,2,2
KC코트렐,119650,3,2
KODEX 헬스케어,266420,2,2
대신 S&P WTI원유 선물 ETN,510022,1,1
AJ네트웍스,095570,3,2
동아엘텍,088130,3,2
켐트로스,220260,3,2
알멕,354320,3,3
CJ 바이오사이언스,311690,3,2
엠투아이,347890,2,3
휴맥스홀딩스,028080,3,2
TIGER 헬스케어,143860,2,3
코스모화학,005420,3,3
국전약품,307750,2,2
일동홀딩스,000230,2,2
티앤엘,340570,2,3
아톤,158430,3,2
시큐센,232830,3,2
레인보우로보틱스,277810,1,3
대성에너지,117580,2,2
SOL 유럽탄소배출권선물인버스ICE(H),459370,1,2
비엠티,086670,2,2
큐브엔터,182360,2,3
현대공업,170030,2,2
코나아이,052400,1,3
TIGER 의료기기,307510,1,2
엘오티베큠,083310,1,3
에코마케팅,230360,2,2
씨큐브,101240,3,2
린드먼아시아,277070,3,2
티플랙스,081150,3,2
케이비아이동국실업,001620,3,2
엠로,058970,1,3
유라테크,048430,2,2
금호석유,011780,2,3
세보엠이씨,011560,1,2
아진엑스텍,059120,2,3
한전산업,130660,2,2
엘앤씨바이오,290650,1,3
메이슨캐피탈,021880,3,2
에이디칩스,054630,3,2
팸텍,271830,3,2
LS네트웍스,000680,3,2
오픈엣지테크놀로지,394280,1,3
새빗켐,107600,3,3
광무,029480,3,2
대동스틸,048470,2,2
TIGER 코스닥150 레버리지,233160,2,3
에스제이그룹,306040,3,2
에스티팜,237690,2,3
카카오뱅크,323410,2,3
YBM넷,057030,2,2
SOL 의료기기소부장Fn,464610,2,3
서연이화,200880,2,3
지니틱스,303030,3,2
우리넷,115440,3,2
진도,088790,2,2
우신시스템,017370,2,2
대림B&Co,005750,2,2
진매트릭스,109820,3,2
씨아이테크,004920,2,2
ARIRANG KRX300헬스케어,309210,2,1
펨트론,168360,1,3
삼성엔지니어링,028050,2,3
신한 WTI원유 선물 ETN(H),500015,1,2
대보마그네틱,290670,3,2
케이씨텍,281820,1,3
SUN&L,002820,2,1
SNT모티브,064960,2,2
IBKS제17호스팩,405350,1,2
아모그린텍,125210,3,2
천보,278280,3,3
우리기술,032820,2,3
바이오노트,377740,3,2
SK오션플랜트,100090,2,3
성우하이텍,015750,2,3
디젠스,113810,3,2
바이오니아,064550,3,3
이랜텍,054210,3,2
TIGER 차이나바이오테크SOLACTIVE,371470,2,2
가온그룹,078890,2,3
네이블,153460,2,2
와이아이케이,232140,2,2
유비케어,032620,3,2
웅진,016880,3,2
고영,098460,2,3
랩지노믹스,084650,3,3
코미코,183300,2,3
화신정공,126640,2,2
흥국에프엔비,189980,2,2
코오롱티슈진,950160,2,2
코아시아씨엠,196450,3,2
비츠로시스,054220,3,2
계양전기,012200,3,2
ACE Fn5G플러스,380340,1,1
동화약품,000020,1,2
인디에프,014990,3,2
HLB파나진,046210,3,2
고바이오랩,348150,3,2
에스메디,118000,3,2
롯데렌탈,089860,2,2
액트로,290740,2,2
에스에너지,095910,3,2
토비스,051360,1,2
셀트리온헬스케어,091990,2,3
코렌텍,104540,2,2
유니온머티리얼,047400,3,2
모코엠시스,333050,3,2
RF머트리얼즈,327260,3,2
SNT다이내믹스,003570,1,2
디앤씨미디어,263720,2,2
KODEX K-로봇액티브,445290,1,3
파인테크닉스,106240,3,2
SK디스커버리,006120,1,2
대봉엘에스,078140,2,2
인성정보,033230,3,2
덕성,004830,3,3
네오오토,212560,3,2
핌스,347770,3,2
한농화성,011500,3,2
KBSTAR 200건설,287300,2,1
TRUE 인버스 2X 금 선물 ETN,570060,1,1
HLB생명과학,067630,2,3
엠아이텍,179290,3,2
테라사이언스,073640,3,3
한전기술,052690,2,3
ARIRANG 심천차이넥스트(합성),256450,2,1
디와이씨,310870,2,2
퍼스텍,010820,3,2
압타바이오,293780,2,2
태원물산,001420,2,2
HRS,036640,2,2
제노레이,122310,2,2
HL만도,204320,2,3
동국알앤에스,075970,3,2
크라운해태홀딩스우,005745,2,1
케이씨티,089150,3,2
아바텍,149950,2,2
풍원정밀,371950,3,2
KX하이텍,052900,2,2
이글벳,044960,2,2
사조동아원,008040,2,2
센코,347000,3,2
영화금속,012280,2,2
대창솔루션,096350,1,2
KOSEF Fn유전자혁신기술,460280,2,3
광전자,017900,3,2
세아메카닉스,396300,3,2
한양이엔지,045100,3,3
한국정보인증,053300,2,2
에프엔씨엔터,173940,2,2
카페24,042000,2,2
이수앱지스,086890,1,2
웰바이오텍,010600,3,3
에스엠코어,007820,3,2
아가방컴퍼니,013990,2,2
푸드나무,290720,3,2
SK바이오팜,326030,1,3
KX,122450,2,2
까스텔바작,308100,3,2
쿠콘,294570,3,2
삼화콘덴서,001820,2,3
KBSTAR 팔라듐선물(H),334690,2,1
DL이앤씨2우(전환),37550L,2,1
NHN KCP,060250,3,2
에너토크,019990,3,2
지엘팜텍,204840,2,2
HD현대에너지솔루션,322000,3,2
에이프로젠,007460,3,3
경동나비엔,009450,2,3
동양철관,008970,2,2
넥스트아이,137940,3,2
대교,019680,2,2
인터로조,119610,1,2
효성중공업,298040,1,3
파워넷,037030,2,2
모다이노칩,080420,3,2
한국정보통신,025770,3,2
모베이스전자,012860,2,3
피엔케이피부임상연구센타,347740,3,2
코리아써키트,007810,2,2
원익피앤이,217820,3,3
대한광통신,010170,3,2
탑머티리얼,360070,2,3
엑시콘,092870,1,2
샘씨엔에스,252990,2,2
KG스틸,016380,3,3
매커스,093520,3,2
엔젯,419080,3,2
평화산업,090080,2,2
에스텍,069510,1,2
컴투스,078340,3,3
유틸렉스,263050,3,2
세기상사,002420,2,1
애머릿지,900100,3,2
이엠넷,123570,3,2
커머스마이너,223310,3,2
포커스에이치엔에스,331380,2,2
지엔씨에너지,119850,3,2
신성통상,005390,2,2
한국내화,010040,3,2
해성옵틱스,076610,3,2
선광,003100,3,2
엔텔스,069410,2,3
자이글,234920,2,3
스틱인베스트먼트,026890,2,2
애경케미칼,161000,3,3
바이오플러스,099430,2,3
조광피혁,004700,2,2
유한양행,000100,1,3
NHN,181710,2,2
유안타증권우,003475,2,1
케이에스피,073010,2,2
DB,012030,2,2
KB스타리츠,432320,2,2
신한서부티엔디리츠,404990,2,2
모트렉스,118990,2,3
특수건설,026150,2,2
소프트센,032680,3,2
네오팜,092730,1,2
제이스텍,090470,2,2
에스넷,038680,2,2
KBSTAR Fn플랫폼테마,427120,2,1
사조오양,006090,2,2
시큐브,131090,2,2
아모레퍼시픽우,090435,2,2
기산텔레콤,035460,2,2
에스티오,098660,2,2
경동제약,011040,2,2
네이처셀,007390,3,3
프롬바이오,377220,2,2
삼영,003720,1,3
LX세미콘,108320,2,3
와이랩,432430,3,2
세경하이테크,148150,2,2
비에이치,090460,2,3
QV 인버스 레버리지 S&P500 ETN,550045,1,1
오뚜기,007310,2,3
휴메딕스,200670,1,3
휴엠앤씨,263920,2,2
한일사료,005860,2,2
서흥,008490,2,2
코닉오토메이션,391710,3,2
그린케미칼,083420,3,2
오스테오닉,226400,2,2
CR홀딩스,000480,3,2
한빛소프트,047080,3,2
S-Oil,010950,1,3
SBI핀테크솔루션즈,950110,1,1
CJ4우(전환),00104K,2,2
윈팩,097800,2,2
한네트,052600,2,2
송원산업,004430,2,3
신일전자,002700,2,2
DL,000210,2,3
이노와이어리스,073490,2,2
광명전기,017040,2,2
지엔코,065060,2,2
원바이오젠,307280,2,2
서암기계공업,100660,2,2
골프존뉴딘홀딩스,121440,2,2
웰킵스하이텍,043590,3,2
셀트리온,068270,2,3
TIGER 미국나스닥바이오,203780,1,2
케이엠더블유,032500,3,3
호전실업,111110,2,2
디엔에프,092070,2,2
후성,093370,3,3
비씨엔씨,146320,2,2
아진산업,013310,3,3
TRUE 인버스 2X S&P500 선물 ETN(H),570023,2,1
네패스아크,330860,2,2
라파스,214260,1,2
이엠앤아이,083470,3,2
CG인바이츠,083790,3,2
아스트,067390,2,2
KODEX 코스닥글로벌,461450,2,1
금호에이치티,214330,2,2
한미약품,128940,1,3
엘컴텍,037950,3,2
제우스,079370,2,3
화인써키트,127980,3,2
하이록코리아,013030,1,3
알루코,001780,2,2
프리시젼바이오,335810,2,2
지투파워,388050,2,3
토니모리,214420,2,2
자이언트스텝,289220,3,2
에넥스,011090,2,2
원익,032940,2,1
현대엘리베이,017800,1,3
에스엠벡셀,010580,3,2
SM Life Design,063440,3,2
일신석재,007110,2,2
대한뉴팜,054670,2,2
씨케이에이치,900120,3,2
동원시스템즈우,014825,3,1
폴라리스오피스,041020,2,3
대우부품,009320,2,2
나라엠앤디,051490,2,2
TIGER 차이나과창판STAR50(합성),414780,2,2
한컴라이프케어,372910,3,2
에어부산,298690,3,2
보광산업,225530,2,2
영보화학,014440,2,2
메지온,140410,1,3
HD현대일렉트릭,267260,1,3
현대로템,064350,2,3
KB 인버스 2X 금 선물 ETN(H),580023,1,2
신풍,002870,2,2
어보브반도체,102120,2,2
현대건설,000720,2,3
메리츠 인버스 2X 금 선물 ETN(H),610013,2,1
힘스,238490,3,2
KH바텍,060720,2,3
TIGER 200 건설,139220,2,2
TIGER 유로스탁스레버리지(합성 H),225050,2,1
TIGER 모멘텀,147970,1,1
미래에셋 중국 심천 100 ETN,590018,2,1
삼성전기우,009155,2,2
에코캡,128540,3,2
카스,016920,2,3
3S,060310,2,2
마니커에프앤지,195500,3,2
쌍용정보통신,010280,2,2
한국화장품,123690,2,3
웰크론,065950,2,2
KODEX 건설,117700,2,2
한국단자,025540,2,2
경창산업,024910,2,2
이엔코퍼레이션,066980,3,2
아남전자,008700,2,3
KEC,092220,3,3
솔트룩스,304100,2,3
STX엔진,077970,2,2
우수AMS,066590,3,2
와이솔,122990,2,2
아이스크림에듀,289010,3,2
뷰티스킨,406820,3,2
크레버스,096240,2,2
원준,382840,3,2
OCI홀딩스,010060,2,3
성문전자우,014915,3,1
미래에셋 인버스 2X 은 선물 ETN,520034,2,1
CJ씨푸드,011150,2,2
형지I&C,011080,2,2
갤럭시아머니트리,094480,3,2
KSS해운,044450,2,2
아이윈플러스,123010,3,2
유진기업,023410,2,2
현대위아,011210,1,3
SOL 코스닥150,450910,2,1
대성미생물,036480,3,2
웨스트라이즈,064090,2,1
신라에스지,025870,3,2
진성티이씨,036890,2,2
피플바이오,304840,3,2
에이디엠코리아,187660,3,2
성도이엔지,037350,2,2
클래시스,214150,1,3
큐에스아이,066310,2,2
비비씨,318410,2,2
유바이오로직스,206650,1,3
한국맥널티,222980,2,2
아모센스,357580,3,2
DGP,060900,3,2
조일알미늄,018470,3,3
QV 인버스 레버리지 금 선물 ETN(H),550063,1,1
누리플렉스,040160,2,2
에스코넥,096630,1,3
KBSTAR 미국S&P원유생산기업(합성 H),219390,1,2
큐로홀딩스,051780,2,2
DL이앤씨우,37550K,2,2
에코프로에이치엔,383310,2,3
기가비스,420770,2,3
이베스트투자증권,078020,2,2
국동,005320,3,2
덴티움,145720,2,3
에스에이엠티,031330,2,2
SOL 반도체소부장Fn,455850,1,3
엑사이엔씨,054940,3,2
신한 인버스 2X 금 선물 ETN,500038,1,2
메리츠 인버스 2X 구리 선물 ETN(H),610029,1,1
웹케시,053580,2,2
슈프리마에이치큐,094840,2,2
TIGER 일본니케이225,241180,1,2
핸디소프트,220180,3,2
원일특강,012620,2,2
KOSEF 코스닥150,316670,1,1
형지엘리트,093240,2,3
시노펙스,025320,2,3
파미셀,005690,2,3
삼성 인버스 2X 금 선물 ETN(H),530056,1,2
효성첨단소재,298050,2,3
락앤락,115390,2,2
호텔신라,008770,1,3
바이젠셀,308080,2,2
신한 브렌트원유 선물 ETN(H),500004,1,1
사조산업,007160,2,2
비엘,142760,3,3
시지트로닉스,429270,3,2
흥국화재,000540,2,2
GS건설,006360,3,3
코데즈컴바인,047770,3,2
레이크머티리얼즈,281740,2,3
엘엠에스,073110,2,2
TIGER KRX인터넷K-뉴딜,365000,2,2
디씨엠,024090,2,2
KB 인버스 2X 구리 선물 ETN(H),580033,1,1
제이에스코퍼레이션,194370,2,2
한컴위드,054920,3,2
리튬포어스,073570,3,3
서진오토모티브,122690,2,2
휴니드,005870,3,2
진흥기업,002780,2,3
TIGER 코스닥150,232080,1,3
제이씨현시스템,033320,3,2
휴네시온,290270,2,2
옵티코어,380540,3,2
흥국,010240,1,2
유니크,011320,2,2
휴림네트웍스,192410,3,2
이엠텍,091120,1,3
아이크래프트,052460,3,2
파라다이스,034230,1,3
TIGER KRX바이오K-뉴딜,364970,2,3
TIGER 차이나CSI300레버리지(합성),204480,2,3
KODEX K-신재생에너지액티브,385510,2,2
삼진,032750,3,2
F&F,383220,2,3
청담글로벌,362320,3,2
이노션,214320,1,3
두산,000150,2,3
우리기술투자,041190,3,2
위지트,036090,3,2
도화엔지니어링,002150,2,2
두올,016740,2,2
대신 철광석 선물 ETN(H) B,510031,1,1
한진칼우,18064K,2,1
SHD,001770,3,2
사조씨푸드,014710,3,2
CJ ENM,035760,3,3
한성기업,003680,2,2
LS,006260,2,3
삼성 레버리지 천연가스 선물 ETN C,530111,2,3
카카오게임즈,293490,3,3
디아이티,110990,1,2
보성파워텍,006910,2,2
피엔에이치테크,239890,1,3
쏘카,403550,3,2
코람코더원리츠,417310,2,2
KBSTAR 비메모리반도체액티브,388420,1,3
한국전자홀딩스,006200,2,2
스코넥,276040,3,2
녹십자웰빙,234690,2,2
KBSTAR 코스닥150,270810,1,3
오리온,271560,2,3
덴티스,261200,3,2
GST,083450,2,2
국제약품,002720,3,2
태영건설,009410,2,2
HLB바이오스텝,278650,3,3
LG생활건강우,051905,3,2
서플러스글로벌,140070,3,2
HB테크놀러지,078150,1,3
유신,054930,1,3
미래에셋 인버스 천연가스 선물 ETN(H),520053,1,1
TIGER 방송통신,098560,2,1
인지컨트롤스,023800,2,2
코스모신소재,005070,1,3
국보,001140,3,2
와이지-원,019210,2,2
엠에스오토텍,123040,2,2
파루,043200,2,1
TIGER Fn신재생에너지,377990,2,2
MDS테크,086960,3,3
한신공영,004960,2,2
솔브레인,357780,2,3
세운메디칼,100700,2,2
나노,187790,2,2
컴퍼니케이,307930,3,2
세코닉스,053450,1,2
케이엔제이,272110,2,2
대신 2X 철광석 선물 ETN(H),510017,1,1
포바이포,389140,3,2
야스,255440,2,2
KODEX 코스닥150,229200,2,3
삼지전자,037460,2,2
아시아나IDT,267850,2,2
S-Oil우,010955,2,2
마이크로디지탈,305090,1,2
홈센타홀딩스,060560,2,2
한일화학,007770,2,2
QV 인버스 미국 IT TOP5 ETN(H),550061,2,1
ACE 코스닥150,354500,1,1
HANARO 원자력iSelect,434730,1,2
에이치시티,072990,1,2
펄어비스,263750,2,3
맥스트,377030,3,2
엘앤에프,066970,3,3
비스토스,419540,2,2
플레이디,237820,3,2
HANARO e커머스,322400,2,1
인터플렉스,051370,2,2
지아이텍,382480,3,2
텔코웨어,078000,2,2
동우팜투테이블,088910,1,2
종근당홀딩스,001630,2,2
동양생명,082640,1,2
와이씨켐,112290,3,2
SK바이오사이언스,302440,2,3
경남제약,053950,3,2
삼아제약,009300,2,2
푸른저축은행,007330,2,2
램테크놀러지,171010,2,2
우리손에프앤지,073560,2,2
대원강업,000430,2,3
이노진,344860,3,2
TIGER 일본반도체FACTSET,465660,2,2
에스트래픽,234300,3,2
TS트릴리온,317240,1,2
대상홀딩스우,084695,3,1
진바이오텍,086060,2,2
프럼파스트,035200,2,2
BGF에코머티리얼즈,126600,3,2
세종공업,033530,2,2
HDC랩스,039570,2,1
다산네트웍스,039560,3,2
KODEX 코스닥150롱코스피200숏선물,360150,1,1
에코프로,086520,1,3
대신증권,003540,1,2
제이엘케이,322510,1,3
프리엠스,053160,2,3
씨티케이,260930,2,2
ARIRANG 신흥국MSCI인버스(합성 H),373530,1,1
HANARO 농업융복합산업,314700,2,1
ACE 미국친환경그린테마INDXX,391600,2,2
셀레믹스,331920,3,2
삼성출판사,068290,3,2
하림,136480,2,2
APS,054620,3,2
KODEX 미국S&P500에너지(합성),218420,1,3
KBSTAR 내수주플러스,326230,2,1
대신 2X 알루미늄 선물 ETN(H),510020,2,1
라이콤,388790,1,3
하림지주,003380,3,3
인텍플러스,064290,1,3
진원생명과학,011000,3,2
코리아에프티,123410,2,2
저스템,417840,2,2
미래에셋 레버리지 옥수수 선물 ETN,520046,3,2
TBH글로벌,084870,1,2
제이오,418550,3,3
와이엠씨,155650,2,2
소니드,060230,3,2
금호석유우,011785,2,2
HANARO 코스닥150,304770,1,1
SOL 자동차소부장Fn,464600,2,2
레드캡투어,038390,2,2
와이엔텍,067900,3,2
KBSTAR KQ고배당,270800,2,1
넥슨게임즈,225570,2,3
디오,039840,2,2
아모레G우,002795,2,1
키움제6호스팩,413600,2,1
효성오앤비,097870,2,2
KODEX 골드선물인버스(H),280940,1,1
ARIRANG 코스닥150,301400,1,1
센서뷰,321370,3,3
동일제강,002690,2,2
TIGER 경기방어,139280,2,1
아스타,246720,2,3
ACE 미국빅테크TOP7 Plus인버스(합성),465620,1,1
에이치엘사이언스,239610,3,1
삼성 코스닥 150 ETN,530093,1,1
뉴보텍,060260,2,2
스튜디오드래곤,253450,3,3
누보,332290,3,2
NI스틸,008260,2,2
롯데칠성우,005305,2,1
KODEX 차이나2차전지MSCI(합성),419430,2,2
KBI메탈,024840,3,2
TIMEFOLIO 탄소중립액티브,404120,1,1
CJ제일제당 우,097955,2,2
원익머트리얼즈,104830,2,2
한국종합기술,023350,2,2
용평리조트,070960,2,2
휴스틸,005010,2,3
대덕전자,353200,2,3
지엠비코리아,013870,2,2
금양,001570,1,3
파인텍,131760,2,2
대원전선,006340,2,2
바이오스마트,038460,2,2
대창스틸,140520,2,2
E1,017940,1,2
선진,136490,2,2
JW신약,067290,2,2
동아화성,041930,2,2
한국비엔씨,256840,2,2
S&K폴리텍,091340,3,1
HLB테라퓨틱스,115450,3,2
대우건설,047040,2,3
티와이홀딩스,363280,3,2
큐리언트,115180,3,2
제이스코홀딩스,023440,3,3
CBI,013720,2,2
에스씨디,042110,2,2
씨아이에스,222080,3,3
에코볼트,097780,3,2
대성창투,027830,3,2
삼화전기,009470,3,2
DXVX,180400,3,2
ARIRANG 우주항공&UAM iSelect,421320,2,2
일지테크,019540,1,2
상신브레이크,041650,2,2
TIGER Fn반도체TOP10,396500,1,3
팬스타엔터프라이즈,054300,2,2
신라섬유,001000,2,1
KBSTAR 중국본토CSI300,463300,2,1
삼성스팩6호,425290,3,1
삼성 인버스 2X 구리 선물 ETN(H),530064,1,1
하나 레버리지 옥수수 선물 ETN(H),700011,3,2
금강철강,053260,3,2
삼성 인버스 2X S&P500 선물 ETN,530114,1,1
에브리봇,270660,3,3
이크레더블,092130,2,2
코엔텍,029960,2,2
탑엔지니어링,065130,3,2
대명소노시즌,007720,2,1
WISCOM,024070,2,2
삼기,122350,3,2
무림P&P,009580,2,2
크래프톤,259960,2,3
헥토이노베이션,214180,1,2
대동전자,008110,1,2
LF,093050,2,2
TIMEFOLIO 이노베이션액티브,385710,2,1
신한 인버스 2X S&P500 선물 ETN,500051,1,1
HDC현대EP,089470,2,1
신흥에스이씨,243840,2,3
바이온,032980,2,2
KB 인버스 2X S&P 500 선물 ETN,580017,2,2
웅진씽크빅,095720,2,2
유한양행우,000105,1,2
대신정보통신,020180,2,2
인포바인,115310,3,2
위드텍,348350,3,2
엠벤처투자,019590,2,2
안랩,053800,3,3
해성디에스,195870,2,3
동원금속,018500,3,2
KBG,318000,3,2
제이에스티나,026040,3,2
에프엔에스테크,083500,1,2
엠게임,058630,2,2
에스텍파마,041910,2,2
DSR,155660,2,2
아주IB투자,027360,2,2
서원인텍,093920,2,2
공구우먼,366030,3,2
마이크로투나노,424980,3,2
케이씨,029460,2,2
환인제약,016580,2,2
KCC글라스,344820,2,2
이엠코리아,095190,2,2
한국경제TV,039340,2,2
TIGER 차이나항셍테크,371160,2,3
나이벡,138610,1,2
아모텍,052710,3,2
엔케이맥스,182400,1,3
ACE 필리핀MSCI(합성),261920,2,1
협진,138360,3,2
KODEX 차이나심천ChiNext(합성),256750,2,1
마이다스 KoreaStock중소형액티브,438740,2,1
톱텍,108230,2,3
웹젠,069080,2,2
KB 인버스 2X 은 선물 ETN(H),580027,2,1
대원화성,024890,3,2
일동제약,249420,2,3
HK이노엔,195940,1,3
바이오에프디엔씨,251120,2,2
성문전자,014910,3,2
태경비케이,014580,2,3
디티앤씨,187220,3,2
다우데이타,032190,3,2
KBSTAR 배터리 리사이클링iSelect,446700,2,2
골프존,215000,2,3
오상자이엘,053980,2,2
한국화장품제조,003350,2,2
삼성 인버스 2X 은 선물 ETN(H),530062,2,2
깨끗한나라우,004545,3,1
아이퀘스트,262840,2,2
삼성전기,009150,2,3
안국약품,001540,2,2
슈어소프트테크,298830,3,3
인피니트헬스케어,071200,2,2
다보링크,340360,1,2
BGF,027410,2,2
조비,001550,2,2
SJM홀딩스,025530,3,2
에프에스티,036810,2,3
이글루,067920,2,2
비올,335890,1,3
유니온,000910,3,2
HANARO Fn5G산업,367740,1,2
YW,051390,1,2
마니커,027740,2,2
코리아써우,007815,3,1
아이씨에이치,368600,3,2
신한 인버스 2X 구리 선물 ETN,500041,1,1
KG모빌리언스,046440,3,2
비보존 제약,082800,3,2
대모,317850,3,2
아이디스,143160,1,3
디와이파워,210540,2,2
에코앤드림,101360,3,3
현대이지웰,090850,2,2
솔루엠,248070,1,3
세우글로벌,013000,2,2
삼영엠텍,054540,2,2
동아지질,028100,2,2
한화오션,042660,2,3
TIGER 차이나전기차SOLACTIVE,371460,2,3
대성하이텍,129920,3,2
부광약품,003000,2,2
인산가,277410,3,3
메리츠 인버스 3X 국채30년 ETN,610062,1,1
키움 코스닥 150 ETN,760003,2,1
미투젠,950190,2,2
인팩,023810,2,2
아이씨디,040910,3,2
VITA MZ소비액티브,422260,1,2
성우전자,081580,3,2
씨티알모빌리티,308170,3,2
제이엔케이히터,126880,2,2
JW중외제약2우B,001067,1,1
우리산업홀딩스,072470,2,2
TCC스틸,002710,1,3
에셋플러스 코리아대장장이액티브,442090,1,1
TIGER MKF배당귀족,445910,1,2
한일철강,002220,2,2
덕우전자,263600,3,2
KODEX 자동차,091180,1,3
신라교역,004970,2,2
핀텔,291810,3,2
라온시큐어,042510,2,2
인텔리안테크,189300,1,3
KBSTAR 주식혼합,183710,1,1
이노인스트루먼트,215790,3,2
벨로크,424760,3,2
LX하우시스,108670,2,2
대양전기공업,108380,2,2
미래컴퍼니,049950,2,3
TRUE 인버스 2X 구리 선물 ETN,570073,1,1
영진약품,003520,3,2
DI동일,001530,1,3
아난티,025980,2,3
TIGER 차이나전기차레버리지(합성),456680,3,2
케이옥션,102370,3,2
잉크테크,049550,3,1
한국주강,025890,3,2
플랜티넷,075130,2,2
TIGER 코스닥글로벌,461580,2,1
풍국주정,023900,3,2
신한 인버스 2X 은 선물 ETN(H),500030,2,2
일신바이오,068330,2,2
HDC현대산업개발,294870,2,2
KOSEF Fn중소형,331910,2,1
코퍼스코리아,322780,3,2
ARIRANG K방산Fn,449450,2,2
프레스티지바이오로직스,334970,2,3
KBSTAR 채권혼합,183700,1,1
KODEX 필수소비재,266410,2,2
디알젬,263690,2,2
래몽래인,200350,3,2
대성홀딩스,016710,3,2
TRUE 인버스 금 선물 ETN,570056,1,1
KODEX Fn웹툰&드라마,395150,3,2
오이솔루션,138080,2,2
신한 FnGuide 치킨 ETN,500075,2,1
한솔로지스틱스,009180,2,2
SKC,011790,3,3
필옵틱스,161580,3,3
와이엠,007530,2,1
엔에이치스팩28호,450410,1,2
대신 3X 레버리지 국채10년 ETN,510035,2,1
빛샘전자,072950,2,2
플래스크,041590,2,2
TIMEFOLIO K컬처액티브,410870,1,1
삼성 인버스 2X 나스닥 100 ETN(H),530071,3,3
벽산,007210,1,3
우진아이엔에스,010400,3,2
DB하이텍,000990,2,3
뷰노,338220,1,3
KODEX 200 중소형,226980,2,3
LG이노텍,011070,2,3
SGA,049470,3,1
자화전자,033240,2,3
케이디켐,221980,2,1
한라IMS,092460,2,2
대호특수강,021040,2,2
TIGER 코스닥150IT,261060,1,1
신라젠,215600,2,3
제일테크노스,038010,2,2
엠아이큐브솔루션,373170,3,3
아이쓰리시스템,214430,1,3
대덕전자1우,35320K,2,1
HANARO CAPEX설비투자iSelect,454320,2,3
KB 인버스 2X 나스닥 100 ETN,580014,3,3
KODEX K-친환경선박액티브,445150,2,2
원익큐브,014190,2,2
계룡건설,013580,2,2
앤씨앤,092600,3,2
TIGER 글로벌사이버보안INDXX,418670,1,1
유안타증권,003470,2,2
이지케어텍,099750,3,2
케이사인,192250,3,2
영원무역홀딩스,009970,1,3
일신방직,003200,3,2
한일홀딩스,003300,2,2
위즈코프,038620,2,2
넥스틸,092790,2,3
QV 인버스 레버리지 은 선물 ETN(H),550065,2,1
매일홀딩스,005990,2,2
제이알글로벌리츠,348950,2,2
자이에스앤디,317400,2,2
콤텍시스템,031820,2,2
남양유업,003920,2,3
유니드,014830,2,3
피엔티,137400,2,3
대아티아이,045390,2,2
CS,065770,1,3
메디아나,041920,1,3
우리바이오,082850,3,2
나노신소재,121600,2,3
신한 인버스 금 선물 ETN(H),500006,1,1
쇼박스,086980,2,2
두산퓨얼셀2우B,33626L,2,1
세아홀딩스,058650,2,1
지노믹트리,228760,1,3
깨끗한나라,004540,3,2
코어라인소프트,384470,3,3
SK텔레콤,017670,1,3
HANARO Fn K-푸드,438900,1,1
제일전기공업,199820,2,2
유안타제10호스팩,435380,2,1
한화플러스제3호스팩,430460,2,1
KB 블룸버그 레버리지 천연가스 선물 ETN,580055,2,1
팜스코,036580,3,2
한국자산신탁,123890,1,2
이랜시스,264850,1,3
전진바이오팜,110020,1,2
TIGER KRX BBIG K-뉴딜레버리지,412560,3,1
코텍,052330,3,2
ACE 일본TOPIX레버리지(H),196030,1,1
멀티캠퍼스,067280,2,2
신한 인버스 2X 다우존스지수 선물 ETN(H),500028,1,2
플라즈맵,405000,3,2
윈스,136540,2,2
상상인인더스트리,101000,1,2
영림원소프트랩,060850,2,2
티사이언티픽,057680,2,3
TRUE 인버스 2X 베트남 VN30 선물 ETN(H),570066,2,2
NEW,160550,3,2
비아트론,141000,2,2
유화증권,003460,2,1
케이알엠,093640,1,3
KB 레버리지 밀 선물 ETN,580051,3,2
교보13호스팩,440790,2,1
아우딘퓨쳐스,227610,3,2
타이거일렉,219130,3,2
하나금융22호스팩,418170,2,1
한국컴퓨터,054040,1,2
SH에너지화학,002360,2,2
삼성제약,001360,2,2
신한 인버스 콩 선물 ETN(H),500024,2,1
선익시스템,171090,3,2
경농,002100,2,2
토박스코리아,215480,2,2
쎄니트,037760,2,2
피앤씨테크,237750,2,2
효성화학,298000,3,2
KBSTAR Fn창업투자회사,427110,2,1
한양증권우,001755,2,1
파멥신,208340,3,3
뉴인텍,012340,3,2
SNT홀딩스,036530,2,2
제이엠아이,033050,2,2
노바렉스,194700,1,2
샌즈랩,411080,3,2
코스메카코리아,241710,1,2
휴온스,243070,1,3
월덱스,101160,1,3
JW중외제약,001060,1,3
디에이피,066900,2,2
빅텍,065450,3,3
박셀바이오,323990,3,3
IBKS제21호스팩,442770,1,1
우리이앤엘,153490,2,2
KT,030200,2,3
비트컴퓨터,032850,2,2
포시에스,189690,3,2
삼진제약,005500,2,2
디와이,013570,2,3
씨티프라퍼티,052300,3,1
KBSTAR 미국장기국채선물인버스2X(합성 H),267500,1,1
신성이엔지,011930,2,3
SK이노베이션우,096775,2,2
미원홀딩스,107590,2,2
QV 인버스 레버리지 구리 선물 ETN(H),550070,1,1
대정화금,120240,2,2
동진쎄미켐,005290,2,3
QV 블룸버그 2X 천연가스 선물 ETN(H),550074,3,2
신영증권,001720,2,1
화승인더,006060,2,2
셀루메드,049180,3,2
케이티알파,036030,3,2
크라운해태홀딩스,005740,2,1
SOL KEDI메가테크액티브,444200,1,1
일진하이솔루스,271940,3,2
무학,033920,2,1
유유제약,000220,2,2
SK디앤디,210980,1,3
성신양회,004980,2,2
한화갤러리아,452260,3,2
이연제약,102460,2,2
진로발효,018120,2,1
모니터랩,434480,3,3
대륙제관,004780,2,2
코오롱인더,120110,2,3
종근당바이오,063160,2,2
KBSTAR 헬스케어채권혼합,253290,2,1
디와이디,219550,3,2
상보,027580,2,2
미래에셋 원유선물혼합 ETN(H),520010,1,1
서울옥션,063170,3,2
큐로컴,040350,3,2
솔본,035610,2,2
KB 인버스 KOSDAQ150 선물 ETN,580031,2,1
KODEX 반도체,091160,1,3
대원미디어,048910,3,2
에이티넘인베스트,021080,1,2
동국S&C,100130,3,2
포스코엠텍,009520,1,3
카카오페이,377300,3,3
대원제약,003220,2,2
LS ELECTRIC,010120,2,3
현대차우,005385,1,3
서울반도체,046890,2,3
나노엔텍,039860,3,2
신한 블룸버그 2X 천연가스 선물 ETN,500082,2,2
IBKS제20호스팩,439730,1,1
메타랩스,090370,3,2
한국정보공학,039740,3,2
파수,150900,2,2
TIGER 중국소비테마,150460,2,2
한국금융지주우,071055,2,2
KBSTAR 200생활소비재,287330,2,1
미창석유,003650,1,2
제노코,361390,3,2
한화솔루션,009830,3,3
헝셩그룹,900270,3,2
오로스테크놀로지,322310,2,3
DL건설,001880,2,2
한화투자증권,003530,3,2
덱스터,206560,3,2
키다리스튜디오,020120,3,2
진흥기업우B,002785,2,1
위세아이텍,065370,3,2
대신 S&P 2X 천연가스 선물 ETN B,510037,2,1
대한방직,001070,3,2
대창,012800,3,3
동부건설우,005965,3,1
하나 블룸버그 2X 천연가스 선물 ETN(H) B,700025,2,3
에이치피오,357230,2,2
신한알파리츠,293940,2,2
새론오토모티브,075180,2,1
삼성 알루미늄 선물 ETN,530097,2,1
와이엠티,251370,2,2
LB세미콘,061970,2,2
TIGER 코스피중형주,277650,2,1
TIGER 리츠부동산인프라,329200,2,3
동원산업,006040,3,2
HS애드,035000,2,2
뷰웍스,100120,2,2
샘표,007540,3,2
피씨디렉트,051380,3,2
다우기술,023590,2,2
TIGER K게임,300610,2,2
TIGER 화장품,228790,1,2
비플라이소프트,148780,3,2
TIGER KRX게임K-뉴딜,364990,2,2
KBSTAR Fn K-뉴딜디지털플러스,368200,2,1
경남스틸,039240,2,2
하나마이크론,067310,1,3
제일파마홀딩스,002620,3,1
보령,003850,1,3
메가스터디교육,215200,3,2
KBSTAR 200경기소비재,287310,1,1
DSR제강,069730,2,2
UNICORN R&D 액티브,433250,1,2
에이플러스에셋,244920,2,2
CJ씨푸드1우,011155,3,1
한국콜마,161890,1,3
호텔신라우,008775,2,1
KBSTAR 우량업종,140580,2,1
DB금융스팩10호,404950,1,2
태광,023160,2,3
영풍,000670,2,2
QV iSelect-WG 그린에너지 ESG ETN,550073,2,1
TIMEFOLIO Kstock액티브,385720,2,2
씨앤지하이테크,264660,2,2
티쓰리,204610,3,2
동방,004140,2,2
KODEX Fn시스템반도체,395160,1,2
파인디지털,038950,2,2
현대차3우B,005389,1,2
바이브컴퍼니,301300,3,2
드림시큐리티,203650,2,3
대양금속,009190,2,2
메디콕스,054180,3,2
경인양행,012610,2,2
삼양패키징,272550,2,2
노바텍,285490,2,2
티앤알바이오팹,246710,2,2
FOCUS 혁신기업액티브,402520,1,1
HANARO KRX기후변화솔루션,404470,2,1
서남,294630,3,3
테크엘,064520,3,1
옴니시스템,057540,3,2
태웅로직스,124560,3,2
한국전자인증,041460,3,2
진양홀딩스,100250,1,2
TIGER 미국나스닥넥스트100,429010,1,1
더블유게임즈,192080,2,2
디에이테크놀로지,196490,3,2
KODEX 차이나CSI300,283580,2,2
녹십자엠에스,142280,2,2
일진홀딩스,015860,2,2
HD현대중공업,329180,2,3
테크윙,089030,2,2
상아프론테크,089980,3,2
중앙백신,072020,3,2
케이카,381970,3,3
젬백스,082270,2,2
LX홀딩스1우,38380K,3,1
베뉴지,019010,2,2
HANARO Fn친환경에너지,381570,2,2
녹십자,006280,2,3
KBSTAR 수출주,140570,2,1
현대지에프홀딩스,005440,3,2
오텍,067170,2,2
한국제12호스팩,458610,3,2
선진뷰티사이언스,086710,2,2
이퓨쳐,134060,2,2
콜마비앤에이치,200130,3,2
ARIRANG K리츠Fn,429740,2,1
대신밸런스제16호스팩,457630,2,2
원익QnC,074600,1,3
미래에셋비전스팩1호,412930,2,1
피에이치에이,043370,1,2
쎌바이오텍,049960,2,2
신영스팩9호,445970,2,2
엔시트론,101400,2,2
덕산하이메탈,077360,2,3
지어소프트,051160,3,2
금호전기,001210,3,2
대원산업,005710,2,3
키움제7호스팩,433530,2,1
KD,044180,3,2
하이제7호스팩,400840,2,1
노랑풍선,104620,2,2
TRUE 인버스 2X 나스닥 100 ETN,570044,3,2
디케이락,105740,2,2
마녀공장,439090,3,3
삼성물산우B,02826K,2,2
SNT에너지,100840,1,2
KODEX K-미래차액티브,385520,2,1
세화피앤씨,252500,2,2
교보12호스팩,421800,2,1
메리츠 3X 레버리지 국채30년 ETN,610061,2,2
ARIRANG ESG성장주액티브,395760,1,1
KBSTAR Fn수소경제테마,367770,2,2
QV 블룸버그 -2X 천연가스 선물 ETN(H),550075,2,1
케일럼,258610,3,2
수산인더스트리,126720,2,2
한화솔루션우,009835,3,2
재영솔루텍,049630,2,2
한국알콜,017890,2,2
황금에스티,032560,2,2
KBSTAR 200,148020,1,3
동성케미컬,102260,2,2
TRUE 인버스 은 선물 ETN,570058,1,1
솔루스첨단소재,336370,3,3
스튜디오미르,408900,3,2
KPX케미칼,025000,2,2
롯데정밀화학,004000,2,3
인지소프트,100030,3,2
삼천리자전거,024950,3,2
제이앤티씨,204270,1,3
SK케미칼우,28513K,2,2
세방전지,004490,1,3
넥센타이어1우B,002355,1,1
삼화페인트,000390,2,2
한독크린텍,256150,2,2
KBSTAR KRX기후변화솔루션,403990,2,1
KODEX 한중반도체(합성),450190,1,1
오공,045060,2,2
버넥트,438700,3,2
HL D&I,014790,2,1
켐트로닉스,089010,2,3
스카이라이프,053210,2,2
TIGER 소프트웨어,157490,2,2
씨엔알리서치,359090,2,2
크라운제과우,26490K,2,2
엔피,291230,3,2
시티랩스,139050,1,2
LG헬로비전,037560,2,2
플리토,300080,2,3
로지시스,067730,3,2
TIGER 미국S&P500선물인버스(H),225030,2,2
메리츠 레버리지 대표 농산물 선물 ETN(H),610035,2,1
수산중공업,017550,2,2
오리온홀딩스,001800,2,2
우원개발,046940,2,2
한국쉘석유,002960,2,2
다산솔루에타,154040,3,2
삼성 인버스 구리 선물 ETN(H),530096,1,1
SK증권,001510,3,2
KODEX TSE일본리츠(H),352540,1,1
뉴프렉스,085670,3,2
신한 인버스 구리 선물 ETN(H),500008,1,1
문배철강,008420,2,2
하이소닉,106080,2,2
한솔테크닉스,004710,2,2
LG우,003555,2,2
CMG제약,058820,2,2
TIGER 현대차그룹+펀더멘털,138540,1,2
KB CSI 500 ETN,580049,2,1
KBSTAR 200커뮤니케이션서비스,315480,2,1
대창단조,015230,2,2
TIGER 한중반도체(합성),449690,1,1
현대에버다임,041440,2,2
신한 인버스 은 선물 ETN(H),500007,2,1
엔피케이,048830,2,2
에스에프에이,056190,2,3
KODEX 배당성장,211900,1,1
LB루셈,376190,2,1
코오롱인더우,120115,2,1
미래에셋벤처투자,100790,2,2
TIGER 미디어컨텐츠,228810,2,2
오르비텍,046120,2,3
에이에프더블류,312610,3,2
브리지텍,064480,3,2
TIGER 차이나항셍테크레버리지(합성 H),438320,3,3
링네트,042500,3,2
MASTER 테크미디어텔레콤액티브,407160,2,1
핸즈코퍼레이션,143210,2,1
신한 레버리지 미국달러 선물 ETN,500035,1,1
기아,000270,1,3
이지바이오,353810,2,2
파이오링크,170790,2,2
이화산업,000760,3,2
태경산업,015890,3,2
신한 인버스 다우존스지수 선물 ETN(H),500010,1,1
한국유니온제약,080720,3,2
두산에너빌리티,034020,2,3
KODEX 에너지화학,117460,2,3
한국주철관,000970,2,2
코웨이,021240,2,3
롯데정보통신,286940,2,2
화천기공,000850,2,3
참좋은여행,094850,2,2
인터엠,017250,1,2
ACE 원자력테마딥서치,433500,1,1
KODEX 차이나과창판STAR50(합성),415340,2,1
삼성FN리츠,448730,2,2
SFA반도체,036540,2,3
TIGER 유로스탁스배당30,245350,2,1
대림통상,006570,2,1
삼성 인버스 금 선물 ETN(H),530084,1,1
한국콜마홀딩스,024720,2,2
메리츠 블룸버그 2X 천연가스선물 ETN(H) B,610067,2,2
KBSTAR KRX300레버리지,307010,1,1
금호건설,002990,3,2
브이씨,365900,3,2
그래디언트,035080,3,2
메리츠 STAR 50 ETN,610033,2,1
경보제약,214390,2,2
한일시멘트,300720,2,2
한화리츠,451800,1,2
덕양산업,024900,2,2
큐캐피탈,016600,2,2
한솔아이원스,114810,1,2
TIGER 퓨처모빌리티액티브,387280,2,2
엠케이전자,033160,2,3
TIGER MSCI Korea TR,310970,1,2
폴라리스세원,234100,3,2
한화시스템,272210,2,3
동구바이오제약,006620,2,2
유나이티드제약,033270,1,2
ARIRANG KS로우사이즈가중TR,333950,1,1
현대차2우B,005387,1,3
TIGER 200동일가중,252000,2,1
EG,037370,3,2
KBSTAR KRX300,292050,1,1
신흥,004080,2,1
메리츠 인버스 구리 선물 ETN(H),610027,1,1
ACE 미국스팩&IPO INDXX,391590,2,1
BNK 주주가치액티브,445690,1,1
한국파마,032300,2,2
삼양사,145990,2,2
제이엠티,094970,2,2
신한 인버스 코스피 200 선물 ETN,500061,2,2
아이센스,099190,2,3
고려시멘트,198440,3,2
이지홀딩스,035810,2,2
디아이,003160,1,3
삼성전자우,005935,2,3
KNN,058400,2,2
서연,007860,2,2
KODEX 3대농산물선물(H),271060,2,2
TIGER 여행레저,228800,2,2
코스맥스,192820,1,3
코오롱플라스틱,138490,3,2
브랜드엑스코퍼레이션,337930,3,2
TIGER 금속선물(H),139310,2,1
태웅,044490,1,3
비즈니스온,138580,1,2
TIGER 차이나반도체FACTSET,396520,2,1
성보화학,003080,2,1
한샘,009240,1,2
ACE 중국본토CSI300,168580,2,1
미래에셋 천연가스 선물 ETN(H),520052,3,2
하이트진로2우B,000087,2,1
다올투자증권,030210,2,2
메리츠 천연가스 선물 ETN(H),610043,3,1
KB STAR 50 ETN,580050,2,1
삼원강재,023000,2,2
TRUE 인버스 나스닥 100 ETN,570042,2,2
LX인터내셔널,001120,3,3
AP시스템,265520,2,2
국보디자인,066620,3,2
멕아이씨에스,058110,3,2
TIGER 일본TOPIX(합성 H),195920,1,2
교촌에프앤비,339770,2,2
BNK 미래전략기술액티브,457930,2,1
레이언스,228850,2,2
서울식품,004410,2,2
신한 인버스 2X Russell 2000 ETN,500057,1,2
ACE 스마트퀄리티,322120,1,1
ACE Fn성장소비주도주,226380,2,1
JW홀딩스,096760,1,2
KBSTAR ESG사회책임투자,290130,1,1
앱코,129890,2,1
유수홀딩스,000700,2,1
CS홀딩스,000590,2,2
엔케이,085310,2,2
세아제강,306200,2,2
한국타이어앤테크놀로지,161390,1,3
TRUE 레버리지 천연가스 선물 ETN B,570093,2,2
신세계 I&C,035510,2,2
히어로즈 리츠이지스액티브,429870,2,1
KBSTAR 중소형고배당,281990,2,1
KBSTAR 게임테마,300640,2,1
에스폴리텍,050760,2,1
커넥트웨이브,119860,3,2
바이넥스,053030,2,3
대신밸런스제15호스팩,457390,2,2
GKL,114090,2,3
성신양회우,004985,3,2
삼성 인버스 은 선물 ETN(H),530090,2,1
TIGER 200커뮤니케이션서비스,315270,2,1
피제이전자,006140,3,2
나이스디앤비,130580,2,1
메리츠 인버스 은 선물 ETN(H),610015,2,1
일진파워,094820,2,3
슈프리마,236200,2,2
제일약품,271980,2,2
KBSTAR 중국본토대형주CSI100,174360,2,2
신한 인버스 Russell 2000 ETN,500055,1,1
KODEX 퀄리티Plus,244660,1,1
원풍,008370,2,2
KODEX 탄소효율그린뉴딜,375770,1,2
현대미포조선,010620,1,3
메리츠 3X 레버리지 국채10년 ETN,610059,2,1
TRUE 인버스 2X 유로스탁스50 ETN(H) B,570092,1,2
iMBC,052220,3,2
동방아그로,007590,2,2
원림,005820,2,2
키움제8호스팩,446840,2,1
유안타제9호스팩,430700,2,1
아이진,185490,3,2
서호전기,065710,2,2
하이트진로홀딩스,000140,2,2
TIGER 글로벌멀티에셋TIF액티브,440340,2,1
KODEX 일본TOPIX100,101280,1,2
덕산네오룩스,213420,2,3
아스플로,159010,2,2
탑코미디어,134580,3,2
KODEX 운송,140710,2,1
TIGER 200 경기소비재,139290,1,1
세원정공,021820,2,2
신영스팩8호,430220,1,1
ACE 주주환원가치주액티브,447430,1,1
에스엘,005850,2,3
HANARO KRX300,304760,1,1
유진스팩8호,413630,2,1
마이크로컨텍솔,098120,1,2
한전KPS,051600,2,3
SOL 차이나강소기업CSI500(합성 H),220130,2,1
카카오,035720,3,3
삼성 인버스 나스닥 100 ETN(H),530078,2,1
명문제약,017180,2,2
신한 USD K200 선물 바이셀 ETN,500002,1,1
메리츠 CSI 300 ETN,610032,2,1
진양폴리,010640,1,3
세방우,004365,3,1
현대리바트,079430,1,2
LG전자우,066575,2,2
신일제약,012790,2,2
삼성 KRX 리츠 TOP10 월배당 ETN,530103,2,1
TIGER 지주회사,307520,2,1
신영와코루,005800,2,2
VITA 밸류알파액티브,452440,1,2
오디텍,080520,2,2
지오엘리먼트,311320,3,2
KBSTAR 국채선물10년,295000,2,1
KODEX 미디어&엔터테인먼트,266360,2,2
영우디에스피,143540,3,2
크리스탈신소재,900250,3,3
ARIRANG 200동일가중,295820,2,1
인터지스,129260,2,2
종근당,185750,1,3
미래에셋드림스팩1호,442900,2,2
삼성공조,006660,2,2
TIGER KRX BBIG K-뉴딜,364960,2,2
태양,053620,2,2
SOL 200 Top10,411540,2,1
GS리테일,007070,2,3
메리츠 인버스 국채30년 ETN,610009,1,1
KODEX 게임산업,300950,2,2
KG케미칼,001390,3,3
TIGER KRX기후변화솔루션,404540,2,2
TIGER 우량가치,227570,2,1
KBSTAR 200고배당커버드콜ATM,290080,2,1
HANARO Fn K-게임,395280,2,1
한국항공우주,047810,2,3
미래에셋증권우,006805,2,2
TRUE 인버스 유로스탁스50 ETN(H) C,570091,1,1
지역난방공사,071320,2,2
삼양통상,002170,2,2
KODEX 경기소비재,266390,2,2
경동도시가스,267290,2,2
하나머티리얼즈,166090,1,3
HANARO Fn전기&수소차,381560,2,1
코오롱,002020,2,2
대성파인텍,104040,2,2
TIGER 경기방어채권혼합,237440,2,1
삼성 인버스 HSCEI ETN(H),530074,1,1
아세아시멘트,183190,2,2
아미노로직스,074430,3,2
네오티스,085910,2,1
DB금융스팩9호,367360,1,2
KBSTAR 200TR,361580,1,2
신한 옥수수 선물 ETN(H),500013,2,1
HANARO Fn K-반도체,395270,1,2
백산,035150,2,2
KBSTAR 200산업재,287320,2,1
KODEX 고배당,279530,2,2
신도기연,290520,3,2
디티앤씨알오,383930,3,2
신풍제약,019170,2,3
인천도시가스,034590,2,1
DB금융투자,016610,2,1
삼성중공업,010140,1,3
한화에어로스페이스,012450,2,3
서부T&D,006730,2,3
HANARO 글로벌반도체TOP10 SOLACTIVE,464060,2,1
싸이맥스,160980,1,2
KBSTAR 200에너지화학,284990,2,1
사조대림,003960,2,2
AK홀딩스,006840,2,1
TIGER 미국달러단기채권액티브,329750,1,3
롯데에너지머티리얼즈,020150,3,3
나스미디어,089600,2,2
제이티,089790,2,2
대신 천연가스 선물 ETN(H),510016,3,1
ARIRANG 미국채30년액티브,464470,2,2
POSCO홀딩스,005490,1,3
한국공항,005430,2,2
아미코젠,092040,3,3
농우바이오,054050,2,2
신대양제지,016590,3,2
한화투자증권우,003535,3,1
NH프라임리츠,338100,2,1
ACE 스마트모멘텀,272220,2,1
데이타솔루션,263800,3,3
씨에스윈드,112610,3,3
차백신연구소,261780,2,2
KBSTAR V&S셀렉트밸류,234310,1,1
ARIRANG 200선물인버스2X,253160,2,2
에셋플러스 코리아플랫폼액티브,407820,1,1
한솔홀딩스,004150,2,2
국순당,043650,2,2
빙그레,005180,1,3
금강공업,014280,2,2
하이로닉,149980,1,3
SK리츠,395400,2,2
JYP Ent.,035900,1,3
한국캐피탈,023760,2,2
인크로스,216050,3,2
MASTER 스마트커머스액티브,407170,2,1
시디즈,134790,3,1
SOL 2차전지소부장Fn,455860,3,3
세명전기,017510,2,2
세아특수강,019440,3,2
KT&G,033780,2,3
구영테크,053270,2,2
TIGER 국고채30년스트립액티브,451530,2,2
유유제약1우,000225,3,1
동일기연,032960,3,2
TIGER 반도체,091230,1,3
KBSTAR 미국장기국채선물레버리지(합성 H),267490,2,2
삼성 인버스 2X 항셍테크 ETN(H),530082,1,2
대한해운,005880,2,2
광동제약,009290,2,2
KODEX 미국나스닥100선물인버스(H),409810,2,3
TIGER 미국채30년스트립액티브(합성 H),458250,2,3
라온테크,232680,2,2
윙입푸드,900340,3,2
TRUE 레버리지 HSCEI ETN(H),570031,3,1
메리츠 레버리지 미국채10년 ETN(H),610023,2,2
롯데하이마트,071840,3,2
신한 S&P 인버스 2X 유로 선물 ETN(H),500081,1,1
신한 인버스 2X 코스피 200 선물 ETN,500070,2,1
우리금융지주,316140,2,3
메리츠 레버리지 국채30년 ETN,610008,2,1
TIGER 리츠부동산인프라채권TR KIS,341850,2,1
효성,004800,2,3
대상,001680,2,3
대덕,008060,2,2
KODEX MSCI퀄리티,275300,2,1
삼부토건,001470,2,3
GRT,900290,2,2
하나 인버스 2X 구리 선물 ETN(H),700010,2,1
KODEX 은행,091170,2,3
영풍제지,006740,1,3
글로본,019660,2,2
KODEX 아시아달러채권SRI플러스액티브,437070,1,1
서전기전,189860,2,2
티엔엔터테인먼트,131100,3,1
슈피겐코리아,192440,2,2
KBSTAR 국채30년레버리지KAP(합성),451670,2,2
삼표시멘트,038500,2,2
HANARO 탄소효율그린뉴딜,375760,1,1
예스코홀딩스,015360,2,2
지앤비에스 에코,382800,1,3
KOSEF 200,069660,1,2
JW중외제약우,001065,1,1
비씨월드제약,200780,2,1
다날,064260,3,2
파워 200,152870,1,1
WOORI 200,448100,1,2
케이엠,083550,2,2
KB 천연가스 선물 ETN(H),580020,3,2
메카로,241770,2,2
알티캐스트,085810,3,2
삼호개발,010960,2,2
KBSTAR 모멘텀로우볼,252730,2,1
아세아,002030,1,2
KBSTAR IT플러스,326240,1,2
신한 S&P 인버스 유로 선물 ETN(H),500079,1,1
씨유테크,376290,3,1
ACE 스마트하이베타,322150,2,1
하나제약,293480,2,2
KB CSI 300 ETN,580048,2,1
삼기이브이,419050,3,3
HL홀딩스,060980,1,2
롯데지주우,00499K,2,1
HANARO 200TR,332930,1,1
SBI인베스트먼트,019550,3,2
KBSTAR 코스피,302450,1,2
대신 밀 선물 ETN(H),510015,2,2
한국패러랠,168490,2,2
미래에셋 인도네시아 Top5 ETN,520061,1,1
TIMEFOLIO Korea플러스배당액티브,441800,1,2
ARIRANG 200,152100,1,3
팬엔터테인먼트,068050,3,2
TIGER 금은선물(H),139320,2,1
TIGER 배당성장,211560,1,1
KODEX 200TR,278530,1,2
유니셈,036200,2,3
KBSTAR 차이나항셍테크,371150,2,1
신세계푸드,031440,2,2
TIGER 미국채10년선물,305080,2,2
성창기업지주,000180,2,2
미래에셋 2X 미국채울트라30년 선물 ETN,520064,2,2
HANARO 고배당,322410,1,1
대신 국채10년 ETN,510033,2,1
KODEX Fn성장,325010,2,3
ACE 인버스,145670,2,1
넥센타이어,002350,1,2
ACE 200,105190,1,2
케이비제23호스팩,440200,3,2
범한퓨얼셀,382900,3,2
KODEX 배당성장채권혼합,237370,2,2
한일현대시멘트,006390,2,2
한국팩키지,037230,3,2
NAVER,035420,2,3
두산퓨얼셀,336260,3,3
ACE 일본Nikkei225(H),238720,1,2
유안타제14호스팩,450940,3,1
CJ대한통운,000120,2,3
케이비제21호스팩,424140,2,1
액션스퀘어,205500,3,1
아모레G3우(전환),00279K,3,2
TRUE 레버리지 플래티넘 선물 ETN,570069,3,1
KTOP K200액티브,451060,2,2
성호전자,043260,1,2
KODEX 200,069500,1,3
SK증권우,001515,3,1
KODEX 밸류Plus,244670,2,1
셀바스AI,108860,2,3
DB금융스팩11호,456440,3,1
블리츠웨이,369370,2,1
미래에셋비전스팩2호,446190,3,2
에스케이증권제10호스팩,457940,3,1
이지스밸류리츠,334890,2,2
대주전자재료,078600,3,3
삼영무역,002810,2,1
한솔케미칼,014680,2,3
한탑,002680,3,2
WOORI AI ESG액티브,413930,1,1
일성신약,003120,3,2
ACE 인도네시아MSCI(합성),256440,2,2
코디,080530,2,2
ACE 중국과창판STAR50,416090,2,1
대원전선우,006345,2,1
ARIRANG 중형주저변동50,266550,1,1
KOSEF 200TR,294400,1,2
한화플러스제2호스팩,386580,2,1
SOL 차이나육성산업액티브(합성),415760,2,1
KBSTAR 국채선물5년추종,397420,2,1
KBSTAR iSelect메타버스,401170,2,2
레이,228670,3,3
강남제비스코,000860,2,3
ARIRANG 고배당저변동50,251590,2,1
HANARO 200,293180,1,3
HSD엔진,082740,2,3
JW생명과학,234080,2,2
아이마켓코리아,122900,2,2
TREX 200,108590,1,1
신한제9호스팩,405640,1,1
KODEX 기계장비,102960,2,2
아이앤씨,052860,2,2
한국전력,015760,2,3
아나패스,123860,1,2
휴온스글로벌,084110,2,2
조흥,002600,2,1
TIGER 200 에너지화학,139250,2,3
TIGER 2차전지소재Fn,462010,3,3
KODEX 차이나A50,169950,2,1
TIGER AI코리아그로스액티브,365040,2,1
현대글로비스,086280,1,3
KBSTAR KIS국고채30년Enhanced,385560,2,3
위닉스,044340,3,2
ACE 200TR,332500,1,2
KBSTAR 대형고배당10TR,315960,1,2
TIGER 한중전기차(합성),449680,2,1
신세계,004170,2,3
LG에너지솔루션,373220,2,3
피델릭스,032580,3,3
현대차,005380,1,3
KODEX 53-09 국고채액티브,457700,2,2
한화,000880,2,3
KBSTAR 미국빅데이터Top3채권혼합iSelect,449580,1,1
메리츠 인버스 천연가스 선물 ETN(H),610044,1,1
KBSTAR 종합채권(A-이상)액티브,385540,2,2
ACE 국고채10년,365780,2,2
케어랩스,263700,3,2
TIGER KEDI혁신기업ESG30,417630,2,2
삼천리,004690,3,2
KBSTAR 국채선물3년,432600,2,1
삼양사우,145995,2,1
히어로즈 종합채권(AA-이상)액티브,454780,2,1
삼정펄프,009770,2,2
메쎄이상,408920,3,2
파워 코스피100,140950,1,1
캠시스,050110,3,2
ACE 2차전지&친환경차액티브,385600,2,2
동일금속,109860,3,2
동아쏘시오홀딩스,000640,1,2
LG전자,066570,2,3
TIGER 200,102110,1,3
RFHIC,218410,3,3
QV iSelect 배터리 재활용 Top10 ETN,550083,2,1
KOSEF 미국달러선물레버리지,225800,1,1
메리츠 레버리지 미국채30년 ETN(H),610038,3,2
동일산업,004890,3,2
한솔제지,213500,2,2
HANARO Fn조선해운,441540,2,2
KBSTAR KRX300미국달러선물혼합,319870,1,1
에스퓨얼셀,288620,2,2
컴투스홀딩스,063080,3,2
일양약품우,007575,2,1
메리츠 미국채10년 ETN(H),610022,2,1
KOSEF SK그룹대표주,450120,2,1
TIGER 코스피고배당,210780,2,1
흥아해운,003280,3,2
TIGER 우선주,261140,2,1
KB 레버리지 콩 선물 ETN,580053,2,1
KBSTAR 200선물인버스2X,252420,2,2
금화피에스시,036190,2,2
KOSEF 200선물인버스2X,253230,2,2
삼익악기,002450,2,2
TIGER 탄소효율그린뉴딜,376410,1,2
오하임앤컴퍼니,309930,1,2
대한약품,023910,2,2
율촌화학,008730,3,3
KBSTAR 모멘텀밸류,252720,1,1
ACE 중국본토CSI300레버리지(합성),219900,2,1
기업은행,024110,1,3
TIGER 테슬라채권혼합Fn,447770,1,2
디지털대성,068930,2,2
윤성에프앤씨,372170,1,3
새로닉스,042600,3,2
마이티 다이나믹퀀트액티브,442260,1,1
KODEX 차이나항셍테크,372330,2,3
KBSTAR V&S셀렉트밸류채권혼합,241390,2,1
더존비즈온,012510,3,3
엔젠바이오,354200,3,2
KODEX KRX기후변화솔루션,404260,2,1
쿠쿠홀딩스,192400,2,3
KODEX 코스피TR,359210,1,3
KODEX 200미국채혼합,284430,2,2
메리츠 인버스 2X 국채10년 ETN,610021,1,1
TRUE S&P 레버리지 엔달러 선물 ETN(H),570098,2,1
대한전선,001440,1,3
KODEX 아시아반도체공급망exChina액티브,446690,1,2
동성화인텍,033500,2,2
맥쿼리인프라,088980,2,3
파인디앤씨,049120,3,2
광주신세계,037710,2,2
디앤디플랫폼리츠,377190,2,2
바디텍메드,206640,1,2
KG ETS,151860,3,3
KODEX KRX300,292190,1,2
신원,009270,2,2
동원F&B,049770,3,2
신한 달러인덱스 선물 ETN(H),500011,1,1
LG화학우,051915,2,3
프로이천,321260,2,2
하이트진로,000080,2,3
KODEX 코스피,226490,2,3
KODEX 2차전지핵심소재10 Fn,461950,3,3
KODEX 미국달러선물인버스2X,261260,2,3
TIGER 코스피,277630,2,2
ARIRANG 미국달러SOFR금리액티브(합성),456200,1,1
대신증권2우B,003547,1,2
ARIRANG 일본반도체소부장Solactive,464920,2,2
메리츠 3X 레버리지 국채5년 ETN,610057,2,1
TIGER 이머징마켓MSCI레버리지(합성 H),225060,2,1
KODEX 33-06 국고채액티브,457690,2,1
ARIRANG 코스피TR,328370,1,2
TIGER 은행,091220,2,2
와이어블,065530,3,2
KOSEF 국고채10년레버리지,167860,2,2
대상홀딩스,084690,3,2
ARIRANG 미국단기우량회사채,332610,1,2
하이드로리튬,101670,3,3
나인테크,267320,3,3
KBSTAR 200IT,285000,2,1
이니텍,053350,2,1
신송홀딩스,006880,3,2
대신증권우,003545,1,2
엠투엔,033310,3,2
삼성바이오로직스,207940,2,3
한솔PNS,010420,2,1
KBSTAR 미국달러SOFR금리액티브(합성),455960,1,1
HANARO MSCI Korea TR,332940,1,1
안트로젠,065660,3,2
서울리거,043710,2,2
HANARO Fn K-메타버스MZ,402460,2,1
ARIRANG 200선물레버리지,253150,1,1
상상인증권,001290,2,2
ACE 코스피,305050,2,2
정상제이엘에스,040420,2,2
HD현대건설기계,267270,1,3
루트로닉,085370,1,3
KBSTAR 200중공업,285010,1,1
KODEX 한국대만IT프리미어,298770,1,2
KOSEF 미국달러선물,138230,1,2
메리츠 미국채30년 ETN(H),610037,2,2
아주스틸,139990,2,2
KODEX 미국클린에너지나스닥,419420,2,1
삼성 인버스 코스피 200 선물 ETN,530092,2,1
해성산업,034810,3,2
ARIRANG ESG가치주액티브,395750,1,1
파트론,091700,2,2
ARIRANG 고배당주,161510,2,3
TRUE 인버스 2X HSCEI ETN(H),570032,1,2
TIGER 200에너지화학레버리지,243890,3,1
ACE 삼성그룹동일가중,131890,1,1
서울바이오시스,092190,3,2
인바이오,352940,2,2
현대차증권,001500,2,2
메리츠 블룸버그 -2X 천연가스 선물 ETN(H),610054,2,2
TIMEFOLIO 글로벌AI인공지능액티브,456600,1,3
TIGER 200커버드콜ATM,289480,2,2
강스템바이오텍,217730,3,2
테고사이언스,191420,3,1
다이나믹디자인,145210,3,2
오비고,352910,3,2
ACE 밸류대형,143460,1,1
삼보판지,023600,2,2
KODEX 미국달러선물레버리지,261250,1,3
CJ,001040,1,3
서린바이오,038070,2,2
마이다스 KoreaStock액티브,403790,1,1
신한 레버리지 10년 국채선물 ETN,500067,2,1
메리츠 국채10년 ETN,610018,2,1
KOSEF 200선물레버리지,253250,1,2
ACE 스마트로우볼,322130,1,1
하츠,066130,3,2
NH투자증권우,005945,1,2
KODEX 24-12 은행채(AA+이상)액티브,465680,2,2
케이탑리츠,145270,2,2
TIGER 인도니프티50레버리지(합성),236350,1,2
KODEX 200동일가중,252650,2,1
메리츠 인버스 국채3년 ETN,610047,1,1
TRUE 인버스 2X 일본 엔선물 ETN,570096,2,1
KBSTAR 국채선물10년인버스,295020,1,1
ACE 미국달러단기채권액티브,440650,1,2
KBSTAR 미국단기투자등급회사채액티브,437350,1,2
ACE 미국달러SOFR금리(합성),456880,1,2
삼성 미국 대형 성장주 ETN,530019,1,1
TRUE FTSE100 ETN,570047,1,1
KODEX 삼성전자채권혼합Wise,448330,1,2
메리츠 레버리지 국채5년 ETN,610050,2,1
HANARO 200선물인버스,306520,2,1
KBSTAR 미국장기국채선물인버스(H),267450,1,1
SOL 25-09 회사채(AA-이상)액티브,462540,2,1
ACE 차이나항셍테크,371870,2,1
KBSTAR 국채선물5년추종인버스,397410,2,1
KODEX 국채선물10년,152380,2,3
메리츠 인버스 국채10년 ETN,610020,1,1
KODEX 단기변동금리부채권액티브,273140,2,2
SOL 200TR,295040,1,2
OCI,456040,2,3
KODEX 인도Nifty50레버리지(합성),453820,1,2
삼성 인버스 항셍테크 ETN(H),530080,1,1
KODEX 미국달러선물,261240,1,2
대한제분,001130,2,2
TS인베스트먼트,246690,3,2
SOL 종합채권(AA-이상)액티브,436140,2,1
KODEX 배당가치,325020,1,3
KBSTAR 국고채3년선물인버스,282000,1,1
NICE,034310,1,2
동양고속,084670,2,2
TIGER 24-10 회사채(A+이상)액티브,447820,1,2
KBSTAR 중장기국공채액티브,272570,2,1
메리츠 3X 레버리지 국채3년 ETN,610055,2,1
HANARO KOFR금리액티브(합성),453060,2,2
유니슨,018000,3,2
TIGER KOFR금리액티브(합성),449170,2,3
알로이스,297570,3,2
메리츠 인버스 3X 국채5년 ETN,610058,1,1
ARIRANG KS밸류가중TR,333970,1,1
HANARO 32-10 국고채액티브,448490,2,2
KOSEF 블루칩,104520,2,1
에이엔피,015260,3,2
TIGER 레버리지,123320,1,2
TIGER 200 생활소비재,227560,2,1
SOL KRX300,292500,1,1
아바코,083930,2,3
HANARO Fn K-뉴딜디지털플러스,368190,2,1
HANARO 200 TOP10,407310,2,1
ARIRANG 태양광&ESS Fn,457990,2,1
KBSTAR 미국장기국채선물(H),267440,2,2
KODEX 미국달러선물인버스,261270,2,2
ACE 국고채3년,114460,2,1
TIGER 25-10 회사채(A+이상)액티브,453540,2,2
KODEX IT,266370,2,2
KODEX KOFR금리액티브(합성),423160,2,3
TIGER 일본엔선물,292560,2,3
KOSEF 미국달러선물인버스,139660,2,1
TIGER 차이나CSI300,192090,2,3
더블유에스아이,299170,2,2
SOL 국고채10년,438570,2,1
TRUE S&P 엔달러 선물 ETN(H),570097,2,1
메리츠 인버스 2X 국채5년 ETN,610052,1,1
상상인제4호스팩,452670,2,2
메리츠 인버스 2X 국채3년 ETN,610048,1,1
CNH,023460,2,2
메리츠 인버스 국채5년 ETN,610051,1,1
메리츠 인버스 3X 국채3년 ETN,610056,1,1
SOL 국고채3년,438560,2,1
KODEX 23-12 국고채액티브,448310,2,1
KODEX 23-12 은행채(AA+이상)액티브,448320,1,3
TIGER 투자등급회사채액티브,438330,2,2
KODEX MSCI밸류,275290,2,1
TIGER 국채3년,114820,2,2
ARIRANG 스마트베타Quality채권혼합,238670,2,1
메리츠 국채5년 ETN,610049,2,1
KODEX 미국달러SOFR금리액티브(합성),455030,1,2
KBSTAR 국고채3년,114100,2,2
히어로즈 미국달러SOFR금리액티브(합성),460270,1,1
KBSTAR 단기통안채,196230,2,3
키움 미국달러선물 ETN,760001,1,1
KODEX 종합채권(AA-이상)액티브,273130,2,3
KOSEF 국고채10년,148070,2,3
KBSTAR 25-03 회사채(AA-이상)액티브,464540,2,1
ACE 스마트밸류,272230,1,1
KOSEF 국고채3년,114470,2,1
KBSTAR 금융채액티브,336160,1,1
KODEX 단기채권,153130,2,3
KODEX 차이나H,099140,2,2
KODEX 레버리지,122630,1,3
TIGER 23-12 국공채액티브,447780,1,2
KODEX 국채선물10년인버스,176950,1,1
KBSTAR 2차전지TOP10인버스(합성),465350,1,3
TIGER 중장기국채,302190,2,2
KTOP 25-08 회사채(A+이상)액티브,466400,2,1
마이티 26-09 특수채(AAA)액티브,465780,2,1
히어로즈 24-09 회사채(AA-이상)액티브,464230,2,3
메리츠 KIS 통안채 1년 ETN,610065,2,1
히어로즈 CD금리액티브(합성),458210,2,1
KBSTAR 머니마켓액티브,455890,2,3
히어로즈 단기채권ESG액티브,419890,1,1
KBSTAR 23-11 회사채(AA-이상)액티브,448590,2,2
KBSTAR 25-11 회사채(AA-이상)액티브,448600,2,2
KODEX 단기채권PLUS,214980,1,2
ARIRANG KOFR금리,453010,2,2
SOL 24-06 국고채액티브,449540,2,1
TIGER 단기통안채,157450,2,3
ACE 23-12 회사채(AA-이상)액티브,448870,2,2
ARIRANG 단기채권액티브,278620,2,2
KODEX CD금리액티브(합성),459580,2,3
HANARO 유로존국채25년플러스(합성 H),456100,2,1
메리츠 KAP 통안채 6개월 ETN,610064,2,1
메리츠 KAP 통안채 3개월 ETN,610066,2,1
TRUE KIS CD금리투자 ETN,570090,2,1
QV KIS CD금리투자 ETN,550082,2,1
메리츠 KIS CD금리투자 ETN,610063,2,3
TIGER 미국달러SOFR금리액티브(합성),456610,1,2
HANARO 단기채권액티브,390950,2,1
TIGER 단기채권액티브,272580,2,2
TIGER CD금리투자KIS(합성),357870,2,3
KOSEF 통안채1년,122260,2,1
KBSTAR 단기국공채액티브,272560,2,1
ACE 국채선물3년인버스,299080,1,1
모아텍,033200,3,1
ITX-AI,099520,1,1
파나케이아,058530,1,1
에이티세미콘,089530,3,1
이트론,096040,2,1
에스앤에스텍,101490,2,3
이상네트웍스,080010,2,2
NHN벅스,104200,3,2
셀피글로벌,068940,3,1
제주반도체,080220,2,2
파커스,065690,3,1
티엘아이,062860,2,1
제일바이오,052670,1,1
코스온,069110,1,1
버킷스튜디오,066410,2,1
아리온,058220,1,1
노블엠앤비,106520,3,1
우주일렉트로,065680,2,2
피에이치씨,057880,1,1
신화인터텍,056700,3,2
녹원씨엔아이,065560,1,1
한국테크놀로지,053590,3,1
와토스코리아,079000,2,2
하나29호스팩,454640,2,1
국일제지,078130,3,1
유안타제12호스팩,446150,2,1
창해에탄올,004650,2,2
리드코프,012700,2,2
더라미,032860,1,1
대양제지,006580,1,1
블루콤,033560,3,2
대원,007680,3,1
판타지오,032800,3,2
디지틀조선,033130,2,2
이화전기,024810,3,1
하나27호스팩,448370,1,1
오킨스전자,080580,3,2
오가닉티코스메틱,900300,3,2
삼성스팩8호,448740,2,2
KB제26호스팩,458320,3,1
KB제25호스팩,455250,2,1
엔에이치스팩29호,451700,2,1
이노시스,056090,1,1
유안타제13호스팩,449020,2,1
한화플러스제4호스팩,455310,2,2
하나28호스팩,454750,3,1
티씨케이,064760,2,3
ES큐브,050120,3,1
고려제약,014570,2,2
삼성스팩7호,439250,2,2
IBKS제19호스팩,426550,1,1
하나금융23호스팩,427950,1,1
하나머스트7호스팩,372290,1,1
유진스팩7호,388800,1,1
라온텍,418420,3,3
하이제6호스팩,377400,1,1
오픈놀,440320,3,2
에스케이증권제8호스팩,435870,2,1
케이비제22호스팩,436530,1,1
유진스팩6호,373340,1,1
한국제11호스팩,436610,2,2
엔에이치스팩24호,437780,2,1
엔에이치스팩25호,438580,1,1
하나금융25호스팩,435620,2,1
엔에이치스팩20호,391060,1,1
우듬지팜,403490,2,3
씨앤투스,352700,2,2
교보11호스팩,397880,1,1
신영스팩7호,419270,1,1
신한제8호스팩,393360,1,1
넥스틴,348210,2,3
원익홀딩스,030530,2,2
삼천당제약,000250,1,3
좋은사람들,033340,1,1
광림,014200,2,1
씨유박스,340810,3,3
디에스앤엘,141020,1,1
솔고바이오,043100,2,2
이큐셀,160600,1,1
한스바이오메드,042520,2,3
MIT,038340,1,1
초록뱀미디어,047820,3,1
한국기업평가,034950,1,2
조광ILI,044060,3,1
화성밸브,039610,2,2
세중,039310,3,2
케이바이오,038530,3,2
디지아이,043360,2,2
감성코퍼레이션,036620,1,3
루멘스,038060,2,2
엘앤케이바이오,156100,2,3
KH 전자,111870,1,1
에스디시스템,121890,1,1
이즈미디어,181340,1,1
비덴트,121800,2,1
크루셜텍,114120,1,1
알파홀딩스,117670,3,1
장원테크,174880,3,1
스마트솔루션즈,136510,1,1
인트로메딕,150840,1,1
유니트론텍,142210,2,2
비디아이,148140,1,1
엘아이에스,138690,1,1
스킨앤스킨,159910,3,2
일월지엠엘,178780,1,1
동원개발,013120,2,2
디알텍,214680,1,3
TRUE 플래티넘 선물 ETN,570052,2,1
하나 iSelect-WG 탄소중립 ESG ETN,700021,2,1
메리츠 국채3년 ETN,610045,2,1
대신 인버스 3X 국채10년 ETN,510036,1,1
미래에셋 코스피 양매도 5% OTM ETN,520026,1,1
대신 인버스 국채10년 ETN,510034,1,1
미래에셋 인버스 코스피200 선물 ETN,520038,2,1
삼성 China A50 선물 ETN(H),530014,2,1
미래에셋 -2X 미국채울트라30년 선물 ETN,520065,1,1
삼성 미국 대형 가치주 ETN,530020,2,1
신한 블룸버그 -2X 천연가스 선물 ETN(H),500074,2,2
신한 FnGuide 메타버스 ETN,500059,2,1
비상교육,100220,3,2
TIGER 200 중공업,139230,1,2
이마트,139480,3,3
쌍방울,102280,3,1
KODEX 증권,102970,2,2
LX하우시스우,108675,1,1
컨버즈,109070,1,1
마이다스 200커버드콜5%OTM,137930,1,1
KOSEF 코스피100,153270,1,1
KOSEF KRX100,100910,1,1
메리츠 레버리지 인플레이션 국채 ETN,610002,1,1
TRUE 레버리지 일본 엔선물 ETN C,570095,2,2
KC그린홀딩스,009440,3,2
삼성 레버리지 HSCEI ETN(H),530075,3,1
ACE 아시아TOP50S&P,277540,2,1
KODEX S&P글로벌인프라(합성),269420,2,2
KOSEF 200선물인버스,253240,2,2
미원에스씨,268280,2,1
IHQ,003560,1,1
덕성우,004835,3,2
삼영전자,005680,2,2
SG세계물산,004060,3,2
써니전자,004770,3,2
현대제철,004020,1,3
유화증권우,003465,2,1
부산주공,005030,2,1
명신산업,009900,2,3
일정실업,008500,2,1
선도전기,007610,1,1
QV 인버스 레버리지 WTI원유 선물 ETN(H),550043,3,2
TRUE 코스피 양매도 3% OTM ETN,570029,2,1
QV 코스피 변동성 매칭형 양매도 ETN,550057,1,1
삼성 코스피 양매도 5% OTM ETN,530060,1,1
삼성 HSCEI ETN(H),530073,2,1
삼성 항셍테크 ETN(H),530079,2,1
인바이오젠,101140,3,1
ARIRANG 우량회사채50 1년,239660,2,1
KODEX 200가치저변동,223190,1,1
ACE 단기통안채,190620,2,3
CJ제일제당,097950,2,3
TKG휴켐스,069260,2,2
강원랜드,035250,3,3
세원이앤씨,091090,1,1
세이브존I&C,067830,2,2
SK,034730,2,3
맵스리얼티1,094800,2,2
기신정기,092440,2,1
신한지주,055550,2,3
이리츠코크렙,088260,2,2
농심홀딩스,072710,2,2
한국가스공사,036460,2,3
유니퀘스트,077500,1,1
GS우,078935,1,2
미래에셋증권2우B,00680K,2,2
평화홀딩스,010770,2,2
대한유화,006650,2,3
경인전자,009140,2,2
KCTC,009070,2,2
무림페이퍼,009200,2,2
태영건설우,009415,2,2
이아이디,093230,3,1
대상우,001685,2,1
백광산업,001340,2,1
일진디스플,020760,3,1
동아에스티,170900,2,3
HK S&P코리아로우볼,215620,2,1
비케이탑스,030790,1,1
에코바이브,015540,1,1
서울가스,017390,3,2
하이트론,019490,1,1
LG유플러스,032640,2,3
한솔홈데코,025750,2,2
KH 필룩스,033180,3,1
청호ICT,012600,1,1
만호제강,001080,2,1
진흥기업2우B,002787,2,1
삼양홀딩스,000070,2,2
대유플러스,000300,3,1
한양증권,001750,1,2
DL우,000215,3,2
고려제강,002240,3,3
한국앤컴퍼니,000240,2,3
한진,002320,2,2
신영증권우,001725,2,1
TIGER 200선물레버리지,267770,1,3
KBSTAR 차이나HSCEI(H),250730,2,1
ACE 러시아MSCI(합성),265690,1,1
베스파,299910,1,1
명성티엔에스,257370,1,1
이오플로우,294090,1,3
피에스케이,319660,2,3
대유,290380,3,1
위더스제약,330350,1,3
포인트모바일,318020,1,1
어스앤에어로스페이스,263540,1,1
유에스티,263770,2,1
시스웍,269620,1,1
아이엘사이언스,307180,2,2
네오크레마,311390,2,2
셀리버리,268600,3,1
에스앤디,260970,2,2
엔지스테크널러지,208860,1,1
와이더플래닛,321820,3,2
뉴지랩파마,214870,3,1
크라운제과,264900,2,2
에스디생명공학,217480,3,1
헥토파이낸셜,234340,2,2
에이트원,230980,3,2
한송네오텍,226440,1,1
휴센텍,215090,1,1
유니온커뮤니티,203450,3,2
미투온,201490,3,2
지티지웰니스,219750,1,1
KH 건설,226360,3,1
에스엘에너지,214310,1,1
디지캡,197140,2,2
삼양옵틱스,225190,2,2
제놀루션,225220,3,2
글로벌텍스프리,204620,1,3
인카금융서비스,211050,1,2
SGC이테크건설,016250,3,2
F&F홀딩스,007700,3,2
ACE 글로벌메타버스테크액티브,411050,1,1
대신343 K200,434960,1,2
TIGER 미국나스닥100TR채권혼합Fn,435420,1,2
HANARO 미국메타버스iSelect,419170,1,1
ACE 단기채권알파액티브,440640,2,2
엔에이치스팩19호,380440,1,2
ARIRANG KS모멘텀가중TR,333960,2,1
미래에셋맵스리츠,357250,2,1
마스턴프리미어리츠,357430,2,2
히어로즈 미국성장기업30액티브,459790,2,1
ACE 25-06 회사채(AA-이상)액티브,461260,2,2
동국씨엠,460850,3,2
TIGER 미국캐시카우100,465670,2,3
ARIRANG 국채선물3년,298340,2,1
ARIRANG ESG우수기업,278420,2,1
KODEX 국채선물3년인버스,292770,1,1
ARIRANG 국채선물10년,289670,2,1
ARIRANG KRX300,292750,1,1
WOORI 단기국공채액티브,458030,2,1
TIGER 인도니프티50,453870,1,2
KODEX 미국S&P500헬스케어,453640,1,1
ACE 미국30년국채액티브(H),453850,2,3
현대그린푸드,453340,2,2
유니드비티플러스,446070,2,3
KBSTAR 200금융,284980,2,1
ACE 미국30년국채선물레버리지(합성 H),452250,3,2
ARIRANG 종합채권(AA-이상)액티브,451000,2,1
KODEX Top5PlusTR,315930,1,3
KODEX 미국채울트라30년선물(H),304660,2,3
KODEX K-메타버스액티브,401470,2,2
TIGER TOP10,292150,1,3
KODEX ESG종합채권(A-이상)액티브,439860,1,1
KBSTAR 단기종합채권(AA-이상)액티브,385550,1,2
KBSTAR 중기우량회사채,136340,2,2
KTOP 단기금융채액티브,463290,2,2
ACE 국채선물10년인버스,299070,1,1
ACE 24-12 회사채(AA-이상)액티브,448880,2,2
KOSEF 단기자금,130730,2,3
TIGER 24-04 회사채(A+이상)액티브,453530,2,2
TIGER 미국투자등급회사채액티브(H),458260,2,1
HANARO KAP초장기국고채,346000,2,1
SOL KIS단기통안채,363510,2,1
ACE 중장기국공채액티브,272910,2,1
KODEX 국고채3년,114260,2,2
TIGER 2차전지테마,305540,2,3
삼성 레버리지 코스피200 선물 ETN,530104,1,2
KOSEF 물가채KIS,430500,1,1
KODEX 미국종합채권SRI액티브(H),437080,2,2
히어로즈 26-09 회사채(AA-이상)액티브,464240,2,2
미래에셋 인버스 2X 코스피200 선물 ETN,520055,2,2
ACE 종합채권(AA-이상)KIS액티브,356540,2,2
KBSTAR 고배당,266160,1,2
TIGER 200커버드콜5%OTM,166400,1,1
SOL 한국형글로벌반도체액티브,423170,1,2
KODEX 미국채10년선물,308620,2,2
메리츠 레버리지 국채3년 ETN,610046,2,1
HANARO 글로벌백신치료제MSCI,432850,2,1
KBSTAR 글로벌자산배분액티브,461490,2,1
ACE 26-06 회사채(AA-이상)액티브,461270,2,2
FOCUS ESG리더스,285690,1,1
TRUE 은 선물 ETN,570057,1,1
TRUE 일본 엔선물 ETN C,570094,2,1
한국특강,007280,2,1
KODEX 한중전기차(합성),450180,2,1
부국증권우,001275,1,1
KBSTAR 글로벌메타버스Moorgate,411720,1,1
TRUE 코스피 양매도 5% OTM ETN,570019,1,1
HK 베스트일레븐액티브,391670,1,1
까뮤이앤씨,013700,2,2
WOORI 대한민국국고채액티브,426150,2,1
TIGER 농산물선물Enhanced(H),137610,2,2
녹십자홀딩스,005250,2,2
TIGER 미국달러선물레버리지,261110,1,2
메리츠 인버스 미국채30년 ETN(H),610039,1,1
SK우,03473K,2,2
KODEX 코스피100,237350,1,3
미래에셋 FnGuide 부산엑스포 추가수익 ETN,520060,1,1
SOL KRX기후변화솔루션,404650,2,1
영화테크,265560,1,2
KODEX 모멘텀Plus,244620,1,1
KODEX 코스피대형주,337140,2,2
미래아이앤지,007120,2,2
KODEX 미국채울트라30년선물인버스(H),304670,1,2
KB 인버스 KOSPI 200 선물 ETN,580029,2,1
KBSTAR 2차전지액티브,422420,2,3
코오롱글로벌,003070,3,2
동아타이어,282690,2,2
KOSEF 미국달러선물인버스2X,230480,2,2
KODEX MSCI Korea TR,278540,1,2
메리츠 인플레이션 국채 ETN,610001,1,1
에스바이오메딕스,304360,3,3
QV S&P500 버퍼10% 3월 ETN(H),550077,1,1
KG이니시스,035600,2,2
ACE 미국나스닥100채권혼합액티브,438100,1,1
인화정공,101930,2,2
HANARO 글로벌워터MSCI(합성),424460,1,1
KODEX MSCI Korea,156080,1,1
TIGER 미국배당다우존스,458730,2,3
대한화섬,003830,2,2
유안타제11호스팩,444920,3,2
TIGER 글로벌4차산업혁신기술(합성 H),275980,2,2
KODEX 미국S&P500필수소비재,453630,2,1
TIGER 종합채권(AA-이상)액티브,451540,2,1
엑스페릭스,317770,3,3
현대코퍼레이션,011760,2,2
KODEX 인버스,114800,2,3
하나투어,039130,2,3
모두투어리츠,204210,1,2
SOL 미국30년국채액티브(H),461600,2,2
TREX 펀더멘탈 200,145850,1,1
디딤이앤에프,217620,2,2
케이엔더블유,105330,3,2
우리산업,215360,2,2
세동,053060,2,2
KOSEF 차이나내수소비TOP CSI,454180,2,1
ARIRANG 코스피,227830,2,1
산돌,419120,3,1
KOSEF 릭소글로벌디지털경제MSCI,394340,1,1
TIGER 코스피대형주,277640,2,1
대호특수강우,021045,2,1
미원상사,002840,2,2
피에스텍,002230,2,1
에스유홀딩스,031860,2,2
싸이토젠,217330,2,3
DGB금융지주,139130,1,3
TIGER KRX300,292160,2,1
알에프텍,061040,2,2
KBSTAR Fn컨택트대표,388280,2,2
아세아제지,002310,1,2
KB 인버스 2X KOSPI 200 선물 ETN,580040,2,2
브레인즈컴퍼니,099390,3,2
ESR켄달스퀘어리츠,365550,2,2
JTC,950170,2,2
KODEX TRF3070,329650,1,2
현대약품,004310,2,2
LX홀딩스,383800,2,2
메리츠 인버스 3X 국채10년 ETN,610060,1,1
KODEX 미국러셀2000(H),280930,2,2
ACE ESG액티브,385590,2,2
TRUE S&P500 선물 ETN,570050,1,1
엑서지21,043090,3,2
신한 콩 선물 ETN(H),500023,1,1
ARIRANG TDF2060액티브,433880,1,1
KODEX 콩선물(H),138920,2,1
ARIRANG 고배당주채권혼합,251600,2,2
KCI,036670,2,1
QV S&P500 버퍼10% 6월 ETN(H),550078,1,1
QV S&P500 버퍼10% 12월 ETN(H),550079,1,1
KBSTAR 200선물레버리지,252400,1,2
KODEX TRF7030,329670,1,1
BGF리테일,282330,2,3
효성티앤씨,298020,2,3
오션브릿지,241790,2,2
ACE 미국S&P500채권혼합액티브,438080,1,2
HANARO 글로벌럭셔리S&P(합성),354350,2,2
KODEX 장기종합채권(AA-이상)액티브KAP,363570,2,1
메리츠 미국레버리지 인플레이션국채ETN(H),610004,2,1
SPC삼립,005610,2,2
KB Wise 분할매매 ETN,580010,2,1
KBSTAR 삼성그룹Top3채권혼합블룸버그,448630,2,2
KOSEF 미국방어배당성장나스닥,373790,2,1
메리츠 인버스 미국채10년 ETN(H),610024,1,1
TIGER MSCI KOREA ESG유니버설,289250,2,1
미래에셋증권,006800,2,3
MH에탄올,023150,2,2
풍산홀딩스,005810,2,2
신도리코,029530,2,2
KB 인버스 2X 항셍테크 선물 ETN,580019,1,1
TIMEFOLIO 미국나스닥100액티브,426030,1,2
TIGER 200 금융,139270,2,2
SK케미칼,285130,2,3
ACE 레버리지,152500,1,1
ACE 일본TOPIX인버스(합성 H),205720,2,1
마이티 코스피100,159800,1,1
ARIRANG 국고채10년액티브,461460,2,1
한화우,000885,2,1
ARIRANG KS로우볼가중TR,333940,1,1
TIGER 200TR,310960,1,2
삼성 인버스 2X 코스피200 선물 ETN,530105,2,2
KBSTAR 200선물인버스,252410,2,1
SK디스커버리우,006125,2,2
KODEX 200ESG,337160,1,2
동원시스템즈,014820,3,2
바다로19호,155900,1,1
유니테스트,086390,2,3
로체시스템즈,071280,3,2
메디앙스,014100,3,2
KODEX 미국ETF산업Top10 Indxx,428560,1,1
삼익THK,004380,3,2
씨앤씨인터내셔널,352480,1,3
KOSEF 고배당,104530,2,2
TIGER 200선물인버스2X,252710,2,3
한국수출포장,002200,3,1
네패스,033640,2,3
신한 인버스 2X 10년 국채선물 ETN,500068,1,1
KODEX 인도Nifty50,453810,1,3
TRUE 인버스 플래티넘 선물 ETN,570053,1,1
롯데손해보험,000400,1,3
루트로닉3우C,08537M,1,1
메리츠 레버리지 국채10년 ETN,610019,2,1
KODEX 200선물인버스2X,252670,2,3
프레스티지바이오파마,950210,2,2
삼성물산,028260,2,3
메리츠 인버스 2X 미국채10년 ETN(H),610025,1,1
KBSTAR 차이나H선물인버스(H),291680,1,1
TIGER 인버스,123310,2,3
피엠티,147760,2,2
양지사,030960,3,3
삼양홀딩스우,000075,2,1
더블유씨피,393890,2,3
TIGER Fn메타버스,400970,2,2
KODEX 테슬라밸류체인FactSet,459560,2,2
삼성 S&P500 ETN,530112,2,1
유진스팩9호,442130,1,1
파워 고배당저변동성,192720,2,1
삼성 인버스 China A50 선물 ETN(H),530002,1,1
교보증권,030610,2,2
아세아텍,050860,2,2
모나리자,012690,2,2
KODEX MSCI EM선물(H),291890,2,1
인지디스플레,037330,3,2
남양유업우,003925,2,1
신한 S&P 유로 선물 ETN(H),500078,2,1
현대바이오랜드,052260,2,2
KODEX 선진국MSCI World,251350,1,2
본느,226340,1,2
하나 레버리지 콩 선물 ETN(H),700013,3,1
삼성 인버스 2X HSCEI ETN(H),530076,1,2
ARIRANG K-유니콘투자기업액티브,436180,2,1
유니켐,011330,2,3
ACE KRX금현물,411060,1,2
태림포장,011280,2,2
참엔지니어링,009310,3,1
부스타,008470,2,1
대신 S&P 인버스 2X 천연가스 선물 ETN,510029,2,2
텔레칩스,054450,1,3
한화3우B,00088K,2,2
코오롱우,002025,2,1
보락,002760,3,2
삼성에스디에스,018260,2,3
ARIRANG KS퀄리티가중TR,333980,1,2
모토닉,009680,2,2
TRUE 블룸버그 인버스 2X 천연가스선물 ETN,570084,2,2
TIGER 삼성그룹펀더멘털,138520,1,2
FOCUS KRX300,292730,1,1
지란지교시큐리티,208350,2,2
두산테스나,131970,1,3
TIGER 차이나CSI300인버스(합성),217780,1,2
한화손해보험,000370,2,3
KIB플러그에너지,015590,1,3
씨엔플러스,115530,3,2
KBSTAR 2차전지TOP10,465330,2,3
아이티엠반도체,084850,2,2
ACE G2전기차&자율주행액티브,414270,2,2
신한 인버스 달러인덱스 선물 ETN(H),500012,2,2
메리츠 미국 인플레이션 국채 ETN(H),610003,2,1
동서,026960,2,2
신한 코스피 200 ETN,500060,1,1
우진비앤지,018620,3,2
쿠쿠홈시스,284740,2,2
효성ITX,094280,2,2
서울전자통신,027040,3,1
미래에셋비전스팩3호,448830,2,1
하나26호스팩,446750,2,1
교보14호스팩,456490,3,2
ARIRANG 코스피50,122090,1,1
KOSEF 인도Nifty50(합성),200250,1,3
TIGER TSMC밸류체인FACTSET,453950,2,2
대현,016090,2,2
엔에프씨,265740,2,2
SG&G,040610,2,2
QV S&P500 버퍼10% 9월 ETN,550066,1,1
SK렌터카,068400,1,2
KODEX 혁신기술테마액티브,364690,1,1
에셋플러스 글로벌다이나믹시니어액티브,462340,2,1
티케이케미칼,104480,3,2
SK하이닉스,000660,1,3
TIGER 차이나항셍25,117690,2,1
KODEX 국고채30년액티브,439870,2,2
알서포트,131370,2,3
에이치케이,044780,2,2
파라텍,033540,2,1
신한 FnGuide 폐기물처리 ETN,500064,2,1
신한 K200 USD 선물 바이셀 ETN,500001,2,1
룽투코리아,060240,3,2
디모아,016670,3,2
히어로즈 TDF2050액티브,435550,1,1
신한 인버스 옥수수 선물 ETN(H),500014,1,1
KODEX TDF2030액티브,433970,2,1
두산우,000155,2,3
두산퓨얼셀1우,33626K,2,2
ARIRANG 선진국MSCI(합성 H),195970,2,2
유니테크노,241690,2,2
삼성전자,005930,1,3
KODEX KTOP30,229720,2,1
TIGER S&P글로벌헬스케어(합성),248270,1,1
미래산업,025560,3,3
삼성 레버리지 항셍테크 ETN(H),530081,3,2
코리아나,027050,2,3
서희건설,035890,2,2
FOCUS AI코리아액티브,448570,1,1
와이오엠,066430,2,2
한세실업,105630,1,3
TIGER 미국나스닥100커버드콜(합성),441680,1,3
조광페인트,004910,2,2
TIGER 글로벌리튬&2차전지SOLACTIVE(합성),394670,2,2
KOSEF 릭소글로벌퓨처모빌리티MSCI,394350,2,1
KODEX 철강,117680,1,2
삼화왕관,004450,2,2
TIGER LG그룹+펀더멘털,138530,2,1
바이오로그디바이스,208710,3,2
현대백화점,069960,1,3
STX중공업,071970,2,3
KBSTAR 200철강소재,285020,1,1
뉴트리,270870,3,2
TRUE S&P 인버스 2X 엔달러 선물 ETN(H),570099,1,1
TIGER 로우볼,174350,2,1
글로벌에스엠,900070,3,2
한섬,020000,2,2
픽셀플러스,087600,3,2
TRUE 인버스 베트남 VN30 선물 ETN(H),570064,2,1
삼진엘앤디,054090,3,3
서한,011370,2,2
삼성카드,029780,1,3
KODEX Fn Top10동일가중,395170,2,2
TIGER 미국필라델피아반도체나스닥,381180,1,3
희림,037440,2,3
SOL 한국형글로벌전기차&2차전지액티브,429980,1,1
넥센우,005725,2,1
샘표식품,248170,3,2
LB인베스트먼트,309960,3,2
ARIRANG 주도업종,280920,2,1
TIGER 미국배당+3%프리미엄다우존스,458750,2,2
ARIRANG 글로벌D램반도체iSelect,442580,1,1
티에스넥스젠,043220,3,2
퍼시스,016800,2,2
TRUE 베트남 VN30 선물 ETN(H),570063,1,1
KODEX 최소변동성,279540,2,1
TIGER KTOP30,228820,2,1
KOSEF 차이나A50커넥트레버리지MSCI(합성H),445930,2,1
하나금융지주,086790,2,3
아이패밀리에스씨,114840,1,2
에셋플러스 글로벌영에이지액티브,451150,1,1
롯데관광개발,032350,1,3
뉴파워프라즈마,144960,1,2
대신 인버스 천연가스 선물 ETN(H),510019,1,2
메리츠 인버스 2X 미국채30년 ETN(H),610040,1,2
얼라인드,238120,2,2
코람코라이프인프라리츠,357120,1,2
KODEX TDF2040액티브,433980,1,1
삼목에스폼,018310,2,2
ARIRANG 미국장기우량회사채,332620,2,2
히어로즈 TDF2040액티브,435540,1,1
ARIRANG Apple채권혼합Fn,447660,1,2
모두투어,080160,2,2
미래에셋 S&P -2X 천연가스 선물 ETN(H),520059,2,1
TIGER 증권,157500,1,1
아이컴포넌트,059100,3,1
SBS,034120,3,2
KODEX Fn멀티팩터,337120,2,1
KBSTAR TDF2040액티브,442560,1,1
엠씨넥스,097520,2,2
서연탑메탈,019770,2,2
신원종합개발,017000,3,2
ACE 미국배당다우존스,402970,2,3
신한 레버리지 Russell 2000 ETN,500056,2,1
KB 블룸버그 인버스2X 천연가스선물 ETN(H),580046,2,2
ARIRANG TDF2030액티브,433850,2,1
위지윅스튜디오,299900,3,2
세진중공업,075580,2,3
KODEX 구리선물(H),138910,2,2
루닛,328130,1,3
KTOP 코스피50,168300,1,1
성창오토텍,080470,3,2
TIGER 미국배당+7%프리미엄다우존스,458760,2,3
TIGER 미국다우존스30,245340,1,2
NICE평가정보,030190,2,2
KBSTAR 미국S&P배당킹,460660,2,2
KCC,002380,1,3
KCC건설,021320,3,2
티와이홀딩스우,36328K,3,1
ACE 삼성그룹섹터가중,108450,2,1
KBSTAR 미국나스닥100,368590,1,3
KODEX 삼성그룹밸류,213610,2,1
아모레퍼시픽,090430,2,3
TIGER 200 산업재,227550,2,1
HJ중공업,097230,2,1
ARIRANG 국고채30년액티브,451600,2,1
신한 S&P 레버리지 유로 선물 ETN(H),500080,2,1
KOSEF 차이나A50커넥트MSCI,441330,2,2
삼성 코스피 200 ETN,530091,1,1
미래에셋 레버리지 코스피200 선물 ETN,520054,1,1
CJ우,001045,2,1
히어로즈 TDF2030액티브,435530,1,1
TRUE 인버스 2X 플래티넘 선물 ETN,570070,1,1
KBSTAR TDF2030액티브,442550,1,1
NE능률,053290,2,3
TIGER 200 철강소재,139240,1,1
선바이오,067370,3,2
KODEX 200IT TR,363580,2,2
메리츠 은 선물 ETN(H),610014,2,1
ACE 베트남VN30(합성),245710,1,3
포인트엔지니어링,256630,2,1
KODEX MSCI모멘텀,275280,2,1
키움 코스피 200 ETN,760002,2,1
이건산업,008250,2,2
대호에이엘,069460,1,3
KODEX 미국S&P500금융,453650,1,1
서울식품우,004415,3,1
LG생활건강,051900,3,3
TIGER 미국나스닥100,133690,1,3
대신밸런스제13호스팩,438220,2,1
한진중공업홀딩스,003480,2,2
KODEX 미국배당프리미엄액티브,441640,2,3
KB 인버스 2X 콩 선물 ETN,580054,1,1
HK 하이볼액티브,391680,2,1
KODEX 미국S&P500통신서비스,463690,2,1
키움 인버스 미국달러선물 ETN,760004,2,1
솔루스첨단소재1우,33637K,3,2
롯데리츠,330590,2,2
ACE 엔비디아채권혼합블룸버그,448540,1,2
아이오케이,078860,3,2
신한제10호스팩,418210,2,1
동일철강,023790,3,1
나이스정보통신,036800,2,2
ACE 미국하이일드액티브(H),455660,2,1
KB 레버리지 항셍테크 선물 ETN(H) B,580047,3,1
메리츠 구리 선물 ETN(H),610026,2,1
바텍,043150,2,2
이녹스첨단소재,272290,3,3
KBSTAR TDF2050액티브,442570,1,1
SK스퀘어,402340,1,3
빅텐츠,210120,3,2
KODEX TRF5050,329660,1,2
하나금융21호스팩,406760,2,1
HDC,012630,1,2
SOL 미국배당다우존스,446720,2,3
컬러레이,900310,2,2
플래티어,367000,3,2
유성티엔에스,024800,2,1
에스케이증권제9호스팩,455910,3,2
아시아나항공,020560,3,2
TIMEFOLIO 미국S&P500액티브,426020,1,1
비엔케이제1호스팩,445360,2,1
KODEX 2차전지산업,305720,2,3
KBSTAR 글로벌주식분산액티브,459750,2,1
엔에이치스팩27호,440820,2,1
아모레G,002790,2,3
삼성 은 선물 ETN(H),530089,2,1
엔에이치스팩26호,439410,2,1
KOSEF 차이나A50커넥트인버스MSCI(합성 H),445950,1,1
KODEX K-이노베이션액티브,373490,2,1
한국토지신탁,034830,2,2
동양,001520,2,2
미스터블루,207760,3,2
ACE 글로벌인컴TOP10 SOLACTIVE,460960,2,2
이엔에프테크놀로지,102710,2,2
KODEX 미국나스닥100선물(H),304940,1,2
연우,115960,2,2
롯데케미칼,011170,2,3
유성기업,002920,2,2
삼성스팩4호,377630,3,1
HANARO 글로벌생성형AI액티브,461340,2,1
제일연마,001560,2,2
대신 레버리지 KRX 금현물 ETN,510030,1,1
무림SP,001810,3,1
KODEX 삼성그룹,102780,2,3
TIGER 유로스탁스50(합성 H),195930,2,2
에셋플러스 글로벌대장장이액티브,433220,1,1
TIGER 200 IT,139260,2,3
TIGER 미국필라델피아반도체레버리지(합성),423920,1,2
신한 구리 선물 ETN(H),500018,2,1
KODEX 미국S&P500배당귀족커버드콜(합성 H),276970,2,2
스톤브릿지벤처스,330730,3,2
태광산업,003240,3,2
삼성 미국 대형 성장주 ETN(H),530015,2,1
ACE 미국나스닥100,367380,1,3
디에스케이,109740,2,2
대신 인버스 2X 알루미늄 선물 ETN(H),510021,1,1
TIGER 글로벌자율주행&전기차SOLACTIVE,394660,1,2
KOSEF 미국나스닥100(H),453080,1,1
KODEX 미국반도체MV,390390,1,3
TRUE 나스닥 100 ETN,570051,1,1
미래에셋 코스피200 선물 ETN,520037,2,1
삼성 레버리지 China A50 선물 ETN(H),530023,2,1
SK이노베이션,096770,3,3
키움 INDXX 미국테크탑10 ETN,760005,1,1
도이치모터스,067990,2,3
금호타이어,073240,1,3
KOSEF 미국S&P500(H),449780,1,1
알엔투테크놀로지,148250,3,2
비케이홀딩스,050090,2,2
차바이오텍,085660,1,3
ARIRANG 미국S&P500,429760,1,1
KODEX 미국나스닥100(H),449190,1,2
SOL 미국배당다우존스(H),452360,2,3
HANARO 미국S&P500,432840,1,1
이지스레지던스리츠,350520,2,1
화승알앤에이,378850,2,2
KB 인버스 천연가스 선물 ETN,580021,1,2
바른손이앤에이,035620,2,2
엑스게이트,356680,2,3
KODEX 200exTOP,337150,2,1
잇츠한불,226320,2,2
대교우B,019685,2,1
롯데쇼핑,023530,2,3
메리츠 국채30년 ETN,610007,2,1
한국금융지주,071050,2,3
ARIRANG 미국S&P500(H),269540,2,2
하나 블룸버그 -2X 천연가스 선물 ETN(H),700020,2,1
HD현대인프라코어,042670,2,3
비츠로셀,082920,1,3
원풍물산,008290,3,2
삼성생명,032830,1,3
메리츠 대표 농산물 선물 ETN(H),610034,2,1
일진다이아,081000,3,2
KODEX 은선물(H),144600,2,3
KODEX 미국S&P500선물(H),219480,2,2
삼일씨엔에스,004440,2,2
삼성 나스닥 100 ETN(H),530077,1,1
QV iSelect 글로벌 EMP ETN(H),550059,2,1
ARIRANG TDF2040액티브,433860,2,1
줌인터넷,239340,2,3
젬백스링크,064800,3,2
삼성화재우,000815,1,3
TIGER 글로벌AI&로보틱스 INDXX,464310,2,2
BNK금융지주,138930,1,3
NH투자증권,005940,1,3
ARIRANG 신흥국MSCI(합성 H),195980,2,2
바이옵트로,222160,3,2
ACE 미국IT인터넷S&P(합성 H),280320,1,1
WOORI 미국S&P우주항공&디펜스,440910,2,1
KBSTAR 글로벌농업경제MV,437370,2,1
에코프로비엠,247540,3,3
QV US 500 ETN(H),550080,1,1
KODEX 차이나H레버리지(H),204450,3,2
현대홈쇼핑,057050,2,2
지씨셀,144510,2,3
흥국화재우,000545,2,1
에이스침대,003800,3,2
HANARO 글로벌신재생에너지MSCI(합성),448510,2,1
한국가구,004590,2,2
ARIRANG TDF2050액티브,433870,1,1
율촌,146060,3,3
모델솔루션,417970,3,2
동국산업,005160,3,2
KODEX 미국나스닥100TR,379810,1,3
파크시스템스,140860,2,3
TIGER 단기선진하이일드(합성 H),182490,2,1
삼성SDI우,006405,3,2
대한항공우,003495,2,1
한세엠케이,069640,3,1
KODEX Fn K-뉴딜디지털플러스,368680,2,1
TRUE 금 선물 ETN,570055,2,1
이씨에스,067010,2,2
SOL 미국S&P500,433330,1,2
한국선재,025550,2,2
현대모비스,012330,1,3
케이엘넷,039420,2,2
TIGER 미국S&P500선물(H),143850,2,2
GS,078930,2,3
신한 다우존스지수 선물 ETN(H),500009,2,1
미래에셋 코스닥150 선물 ETN,520039,2,1
KB KOSDAQ 150 선물 ETN,580030,2,1
에셋플러스 글로벌플랫폼액티브,407830,1,1
동원수산,030720,2,2
KBSTAR 글로벌수소경제Indxx,417450,2,1
TIGER 글로벌자원생산기업(합성 H),276000,2,1
비피도,238200,2,2
미래에셋 KRX금현물 Auto-KO-C 2312-01 ETN,520030,1,1
삼성 구리 선물 ETN(H),530095,2,1
KBSTAR 미국S&P500(H),453330,2,1
BYC우,001465,2,1
ACE 미국S&P500,360200,1,3
KODEX 미국FANG플러스(H),314250,1,3
와이팜,332570,3,2
TIGER 미국S&P500,360750,1,3
CJ프레시웨이,051500,3,2
KOSEF 독일DAX,411860,2,1
SOL 미국S&P500ESG,399110,1,2
바른손,018700,3,2
ARIRANG 미국나스닥테크,287180,1,1
동부건설,005960,2,2
TIGER 글로벌혁신블루칩TOP10,464930,2,3
메가스터디,072870,2,2
KBSTAR 유로스탁스50(H),379790,2,2
엔비티,236810,3,2
KBSTAR 미국S&P500,379780,1,2
KBSTAR 5대그룹주,105780,2,1
KODEX TDF2050액티브,434060,1,2
디바이스이엔지,187870,3,2
삼성증권,016360,1,3
칩스앤미디어,094360,1,3
ACE 미국WideMoat가치주,309230,1,2
밸로프,331520,3,2
마이티 200커버드콜ATM레버리지,292340,1,1
DH오토웨어,025440,1,2
KODEX 미국스마트모빌리티S&P,390400,2,1
KODEX 미국S&P500TR,379800,1,3
휴림에이텍,078590,3,3
빅솔론,093190,2,2
KG모빌리티,003620,3,3
경방,000050,2,1
TIGER 미국달러선물인버스2X,261120,2,2
SOL 미국TOP5채권혼합40 Solactive,447620,1,2
넷마블,251270,3,3
ACE 글로벌브랜드TOP10블룸버그,435040,1,1
하나금융24호스팩,430230,2,1
TRUE 구리 선물 ETN,570071,2,1
TIGER 글로벌BBIG액티브,387270,1,1
제주항공,089590,3,2
KB 레버리지 KOSPI 200 선물 ETN,580039,1,1
하이제8호스팩,450050,2,1
KOSEF 미국ETF산업STOXX,426330,2,1
엔에이치스팩23호,422040,2,1
KB금융,105560,1,3
KODEX MSCI KOREA ESG유니버설,289040,2,1
영원무역,111770,2,3
메리츠 레버리지 구리 선물 ETN(H),610028,2,1
KODEX 미국S&P500(H),449180,2,2
KODEX 미국S&P500경기소비재,453660,1,1
코스맥스비티아이,044820,2,2
WOORI 미국S&P500,444490,1,1
두산2우B,000157,2,3
키움증권,039490,2,3
HANARO Fn K-POP&미디어,395290,2,2
하나 인버스 2X 콩 선물 ETN(H),700014,2,1
제일기획,030000,2,3
기가레인,049080,3,3
KODEX 미국메타버스나스닥액티브,411420,1,2
ACE 싱가포르리츠,316300,2,1
TIGER 미국나스닥100레버리지(합성),418660,1,3
화승코퍼레이션,013520,2,2
현대해상,001450,2,3
메리츠 인버스 2X 대표 농산물 선물 ETN(H),610036,1,1
삼성 미국 대형 가치주 ETN(H),530016,2,1
이스트아시아홀딩스,900110,3,2
TIGER 글로벌메타버스액티브,412770,1,2
SGC에너지,005090,2,2
케이피티유,054410,2,2
두산밥캣,241560,1,3
TIGER MSCI KOREA ESG리더스,289260,2,1
쎄노텍,222420,3,2
신한 레버리지 구리 선물 ETN,500040,2,1
ARIRANG 미국테크10iSelect,461900,2,1
옵티팜,153710,2,2
삼성 레버리지 구리 선물 ETN(H),530063,2,2
SK아이이테크놀로지,361610,2,3
QV 레버리지 구리 선물 ETN(H),550069,2,1
ACE 테슬라밸류체인액티브,457480,2,3
KBSTAR 글로벌4차산업IT(합성 H),276650,1,1
영흥,012160,2,2
KBSTAR 미국고정배당우선증권ICE TR,354240,2,1
썸에이지,208640,3,2
아이티센,124500,2,2
서울제약,018680,3,2
KOSEF 미국S&P500,449770,1,1
ARIRANG S&P글로벌인프라,269530,2,1
진양산업,003780,1,3
TIGER 미국S&P500배당귀족,429000,2,2
알리코제약,260660,2,2
엠브레인,169330,2,1
엘디티,096870,2,2
대림제지,017650,2,1
KODEX 미국나스닥100레버리지(합성 H),409820,1,3
TIGER 골드선물(H),319640,2,2
TRUE 레버리지 구리 선물 ETN,570072,2,1
디케이앤디,263020,2,2
하나 레버리지 구리 선물 ETN(H),700009,2,1
GS글로벌,001250,2,2
더네이쳐홀딩스,298540,2,3
미래에셋 레버리지 은 선물 ETN,520033,2,1
티비씨,033830,2,2
KODEX 골드선물(H),132030,2,2
삼성 KRX 금현물 ETN,530067,2,1
코아스,071950,3,2
티웨이항공,091810,3,2
TIGER 글로벌클라우드컴퓨팅INDXX,371450,1,2
TRUE 코스닥 150 ETN,570068,2,1
KB 레버리지 은 선물 ETN(H),580026,2,2
세원물산,024830,3,1
QV 레버리지 은 선물 ETN(H),550064,2,1
신한 은 선물 ETN(H),500017,2,1
코스나인,082660,3,3
엔씨소프트,036570,3,3
다스코,058730,2,2
상상인제3호스팩,415580,1,1
HANARO Fn골프테마,407300,2,1
TRUE 레버리지 나스닥 100 ETN,570043,1,1
옵투스제약,131030,2,2
TIGER 미국S&P500TR(H),448290,2,3
파인엠텍,441270,2,3
신한 금 선물 ETN(H),500016,2,1
삼성 금 선물 ETN(H),530083,2,1
메리츠 금 선물 ETN(H),610011,2,1
부국증권,001270,1,1
삼성 KRX 2차전지 K-뉴딜 ETN,530087,2,1
노루페인트,090350,2,2
KODEX 차이나메타버스액티브,428510,2,1
하나 인버스 2X 옥수수 선물 ETN(H),700012,1,1
동국제약,086450,2,3
KODEX 멀티에셋하이인컴(H),321410,2,1
신한 인버스 브렌트원유 선물 ETN(H),500005,2,1
애경산업,018250,2,2
와이제이엠게임즈,193250,3,2
젠큐릭스,229000,1,3
SV인베스트먼트,289080,3,2
신한 레버리지 코스피 200 선물 ETN,500069,1,1
ARIRANG 글로벌희토류전략자원기업MV,415920,2,1
신한 레버리지 다우존스지수 선물 ETN(H),500020,2,1
TIGER 라틴35,105010,1,1
코리안리,003690,1,3
하이즈항공,221840,2,2
롯데지주,004990,2,3
SK네트웍스,001740,1,3
드림어스컴퍼니,060570,2,3
신한 인버스 2X 미국달러 선물 ETN,500036,2,1
에이리츠,140910,2,1
애드바이오텍,179530,3,2
삼성 레버리지 은 선물 ETN(H),530061,2,2
삼성 레버리지 나스닥 100 ETN(H),530070,1,2
라이트론,069540,3,3
메드팩토,235980,3,3
HANARO 200선물레버리지,304780,1,1
하나 Solactive US Tech Top 10 ETN(H),700022,1,1
제너셈,217190,1,2
KODEX 보험,140700,1,2
SOL 한국형글로벌플랫폼&메타버스액티브,429990,1,1
TIGER 미국테크TOP10 INDXX,381170,1,3
TIGER 200IT레버리지,243880,2,2
한창제지,009460,3,2
상상인,038540,2,2
ACE 미국빅테크TOP7 Plus,465580,2,3
ARIRANG 글로벌인공지능산업MV,438210,1,1
나노캠텍,091970,3,1
조선선재,120030,2,2
대영포장,014160,2,2
KODEX 다우존스미국리츠(H),352560,2,2
디케이티,290550,3,2
에스원,012750,1,3
리파인,377450,2,2
금호건설우,002995,3,1
소마젠,950200,3,2
제이시스메디칼,287410,1,3
TRUE 레버리지 은 선물 ETN,570061,2,1
메디포스트,078160,3,2
TIGER 미국MSCI리츠(합성 H),182480,2,2
세종텔레콤,036630,2,2
신한 레버리지 은 선물 ETN(H),500029,2,2
삼륭물산,014970,3,1
솔루스첨단소재2우B,33637L,3,1
TIGER KRX2차전지K-뉴딜,364980,2,3
제테마,216080,1,3
메리츠 레버리지 은 선물 ETN(H),610016,2,1
엠젠솔루션,032790,3,2
지누스,013890,3,2
대신 인버스 철광석 선물 ETN(H) B,510032,2,1
해성산업1우,03481K,3,1
유비쿼스홀딩스,078070,2,1
대한항공,003490,2,3
TIGER 미국S&P500레버리지(합성 H),225040,2,2
진에어,272450,3,2
CNT85,056730,3,2
KODEX 200롱코스닥150숏선물,360140,2,2
녹십자홀딩스2우,005257,2,1
ACE 베트남VN30선물블룸버그레버리지(H),371130,2,2
TRUE 레버리지 S&P500 선물 ETN(H),570022,2,1
대신밸런스제14호스팩,442310,2,1
DSC인베스트먼트,241520,3,2
KODEX 2차전지산업레버리지,462330,3,3
KB 레버리지 나스닥 100 ETN,580015,1,1
QV 코스닥 150 ETN,550068,1,1
KODEX 미국S&P500테크놀로지,463680,2,2
아이엠,101390,3,3
KB 레버리지 구리 선물 ETN(H),580032,2,1
천일고속,000650,2,1
KODEX 글로벌로봇(합성),276990,2,2
한화생명,088350,1,3
TRUE 레버리지 베트남 VN30 선물 ETN(H),570065,1,2
HMM,011200,2,3
웹스,196700,3,2
동양파일,228340,2,2
삼성 인버스 2X 천연가스 선물 ETN C,530102,2,3
유유제약2우B,000227,2,2
하이트진로홀딩스우,000145,2,1
원익IPS,240810,1,3
ACE 멕시코MSCI(합성),291130,1,2
액토즈소프트,052790,2,2
ACE 글로벌반도체TOP4 Plus SOLACTIVE,446770,1,2
푸드웰,005670,2,2
극동유화,014530,2,3
씨이랩,189330,3,2
KB 인버스 2X 밀 선물 ETN,580052,1,1
알비더블유,361570,3,2
QV 레버리지 S&P500 ETN,550044,1,1
KB 레버리지 S&P 500 선물 ETN(H),580016,1,1
씨씨에스,066790,1,3
삼일,032280,2,2
네오위즈홀딩스,042420,2,2
예선테크,250930,3,1
DB손해보험,005830,1,3
이미지스,115610,1,3
동국제강,460860,2,3
TRUE 레버리지 유로스탁스50 ETN(H) B,570054,2,1
히어로즈 글로벌리츠이지스액티브,437550,2,1
리더스코스메틱,016100,3,2
나우IB,293580,3,2
메리츠 인버스 2X 국채30년 ETN,610010,1,1
네오위즈,095660,3,3
그린플러스,186230,3,2
KODEX 미국S&P500산업재(합성),200030,1,1
미래에셋 인버스 2X 옥수수 선물 ETN,520047,1,1
한국제지,027970,2,2
HANARO 글로벌탄소배출권선물ICE(합성),401590,2,2
미래에셋 인버스 코스닥150 선물 ETN,520040,2,2
아이에스동서,010780,3,3
에스에스알,275630,3,2
SOL 글로벌탄소배출권선물ICE(합성),400590,1,2
대한제당,001790,2,3
신풍제약우,019175,3,2
JB금융지주,175330,1,3
KBSTAR 글로벌원자력iSelect,442320,1,3
KPX홀딩스,092230,2,2
아프리카TV,067160,1,3
LG,003550,2,3
KODEX KRX300레버리지,306950,1,1
휴비스,079980,3,3
SDN,099220,3,2
에이치앤비디자인,227100,3,2
QV US 500 월간레버리지 ETN(H),550076,2,1
KB KOSPI 200 선물 ETN,580028,2,1
한화갤러리아우,45226K,3,1
삼성 인버스 코스닥 150 선물 ETN,530094,2,1
동양2우B,001527,2,2
매일유업,267980,2,2
하나 코스닥150 선물 ETN,700007,1,1
텔콘RF제약,200230,3,2
SCI평가정보,036120,1,3
삼성 레버리지 S&P500 선물 ETN,530113,2,1
세방,004360,3,3
YG PLUS,037270,3,3
ARIRANG 글로벌수소&차세대연료전지MV,419650,3,2
KODEX 유럽명품TOP10 STOXX,456250,2,2
TIGER S&P글로벌인프라(합성),269370,2,1
신한 레버리지 금 선물 ETN,500037,2,1
아이에이,038880,3,2
아이디피,332370,2,2
TIGER KRX2차전지K-뉴딜레버리지,412570,3,2
브릿지바이오테라퓨틱스,288330,3,2
시너지이노베이션,048870,2,2
LG디스플레이,034220,2,3
TRUE 코스피 200 ETN,570067,1,1
인콘,083640,3,2
TIGER 코스닥150선물인버스,250780,2,3
KTcs,058850,2,3
쌍용C&E,003410,2,3
TRUE 레버리지 금 선물 ETN,570059,2,1
ARIRANG 코스닥150선물인버스,301410,2,2
유비벨록스,089850,1,2
신한 레버리지 S&P500 선물 ETN,500050,1,1
금강공업우,014285,2,1
우리로,046970,2,3
QV 미국 IT TOP5 ETN(H),550041,1,1
QV 레버리지 금 선물 ETN(H),550062,2,1
코센,009730,1,2
ACE 골드선물 레버리지(합성 H),225130,2,2
KBSTAR 글로벌데이터센터리츠나스닥(합성),375270,2,1
비츠로테크,042370,2,3
KODEX 코스닥150선물인버스,251340,2,3
KB S&P 유럽탄소배출권 선물 ETN(H),580035,2,1
조아제약,034940,2,2
디와이피엔에프,104460,3,3
현대코퍼레이션홀딩스,227840,2,2
KB 레버리지 금 선물 ETN(H),580022,2,1
LG화학,051910,3,3
TIGER 차이나HSCEI,245360,2,2
삼성 레버리지 금 선물 ETN(H),530055,2,1
스타플렉스,115570,3,2
KBSTAR 코스닥150선물인버스,275750,2,2
KBSTAR 중국MSCI China(H),310080,2,1
삼성 FnGuide 웹 3.0 ETN,530101,2,1
STX,011810,3,3
웨이브일렉트로,095270,2,2
ARIRANG 미국다우존스고배당주(합성 H),213630,2,1
승일,049830,2,2
메리츠 레버리지 금 선물 ETN(H),610012,2,1
제닉,123330,3,2
대한제강,084010,2,3
고려아연,010130,2,3
NPC우,004255,2,2
딜리,131180,2,2
제주맥주,276730,3,2
코스텍시스,355150,2,2
ACE 미국다우존스리츠(합성 H),181480,2,1
파버나인,177830,2,3
포스코인터내셔널,047050,1,3
QV 코스피 200 ETN,550067,1,1
롯데칠성,005300,2,3
ARIRANG 미국대체투자Top10MV,426410,1,1
신한 레버리지 코스닥 150 선물 ETN,500071,2,1
플레이그램,009810,3,2
BYC,001460,2,2
KOSEF 코스닥150선물인버스,291620,2,2
세림B&G,340440,3,2
미원화학,134380,2,2
캐스텍코리아,071850,3,2
하이브,352820,2,3
동남합성,023450,3,1
투비소프트,079970,3,2
휠라홀딩스,081660,2,3
KBSTAR 글로벌클린에너지S&P,399580,2,2
고려신용정보,049720,2,3
삼성SDI,006400,3,3
소프트센우,032685,3,1
SBS콘텐츠허브,046140,3,2
HPSP,403870,3,3
모아데이타,288980,2,3
TIGER 미국나스닥100TR(H),448300,1,3
ACE 미국빅테크TOP7 Plus레버리지(합성),465610,2,2
ARIRANG 미국테크10레버리지iSelect(합성),461910,2,2
딥노이드,315640,1,3
포스코스틸리온,058430,2,3
KB 레버리지 KRX 2차전지 K-뉴딜 ETN,580025,3,1
엑셈,205100,1,3
이노테라피,246960,1,2
삼성 레버리지 KRX 2차전지 K-뉴딜 ETN,530088,3,2
코오롱모빌리티그룹우,45014K,3,1
노루홀딩스,000320,1,2
네오펙트,290660,2,2
DSEN,065150,3,2
싸이버원,356890,2,2
메리츠금융지주,138040,1,3
신한 인버스 코스닥 150 선물 ETN,500063,2,1
하나 레버리지 코스닥150 선물 ETN,700017,2,1
KB KRX ESG Eco ETN,580013,2,1
수성샐바시온,084180,3,2
인트론바이오,048530,2,3
스카이문스테크놀로지,033790,3,2
하나 Solactive 2X US Tech Top 10 ETN(H),700023,1,1
오리콤,010470,3,3
하나 -0.5X S&P500 VIX S/T 선물 ETN(H),700024,1,1
신한 코스닥 150 ETN,500062,1,1
롯데웰푸드,280360,2,2
세아제강지주,003030,1,3
미래에셋글로벌리츠,396690,2,2
미래에셋 S&P 유럽탄소배출권 선물 ETN,520043,2,1
포스코퓨처엠,003670,2,3
KODEX 유럽탄소배출권선물ICE(H),400570,2,3
사람인,143240,2,2
로스웰,900260,2,2
삼성 인버스 0.5X S&P500 VIX S/T선물 ETN,530110,1,1
오성첨단소재,052420,2,2
에스엠,041510,1,3
TRUE S&P 유럽탄소배출권 선물 ETN(H),570074,2,1
TIGER 원유선물인버스(H),217770,2,2
광진실업,026910,2,2
메리츠 S&P 유럽탄소배출권 선물 ETN(H),610030,2,1
더코디,224060,2,2
미래에셋 인버스 원유선물혼합 ETN(H),520011,2,1
ARIRANG 글로벌MSCI(합성 H),189400,2,1
필에너지,378340,3,3
삼성화재,000810,1,3
노루홀딩스우,000325,1,2
티웨이홀딩스,004870,3,2
미래에셋 -0.5X S&P500 VIX S/T선물 ETN(H),520063,1,2
KB 레버리지 FANG 플러스 ETN(H),580034,1,1
나노씨엠에스,247660,2,3
TRUE 블룸버그 인도네시아 대표원자재 ETN,570085,2,1
솔브레인홀딩스,036830,2,3
위메이드,112040,3,3
대신 인버스 2X 철광석 선물 ETN(H),510038,2,2
텔레필드,091440,2,2
홈캐스트,064240,2,3
신한 인버스 WTI원유 선물 ETN(H),500003,2,1
노루페인트우,090355,2,2
코위버,056360,2,3
예스24,053280,2,2
앤디포스,238090,3,2
코콤,015710,3,3
펌텍코리아,251970,1,3
TRUE 인버스 0.5X S&P500 VIX S/T 선물 ETN,570089,1,1
KODEX 미국S&P500유틸리티,463640,2,2
대한제당우,001795,3,2
미래에셋 인도네시아 금속&에너지 Top5 ETN,520062,1,1
코리아써키트2우B,00781K,3,1
한익스프레스,014130,2,2
주성엔지니어링,036930,1,3
이브이첨단소재,131400,3,3
풍산,103140,2,3
대신 S&P 인버스 WTI원유 선물 ETN,510023,2,1
디엔에이링크,127120,1,2
와이지엔터테인먼트,122870,2,3
태평양물산,007980,2,3
KODEX WTI원유선물인버스(H),271050,2,3
다원시스,068240,1,3
체리부로,066360,2,2
이월드,084680,2,2
윈하이텍,192390,2,3
SOL 유럽탄소배출권선물S&P(H),400580,2,2
대신 인버스 2X 코스닥 150 선물 ETN,510027,3,2
동양우,001525,2,2
TRUE FnGuide IoT ETN,570080,2,1
신한 인버스0.5X S&P500 VIX S/T선물 ETN,500077,1,1
KBSTAR 팔라듐선물인버스(H),334700,1,1
인포마크,175140,2,2
신한 인버스 2X 코스닥 150 선물 ETN,500072,3,3
미래에셋 인버스 2X 코스닥150 선물 ETN,520057,3,3
한국정밀기계,101680,3,2
삼성 인버스 2X 코스닥150 선물 ETN,530107,3,3
HD한국조선해양,009540,1,3
TRUE 인버스 2X 코스닥 150 선물 ETN,570082,3,3
한국ANKOR유전,152550,3,2
KB 인버스 2X KOSDAQ 150 선물 ETN,580044,3,2
넥센,005720,2,2
FSN,214270,3,2
코리아에셋투자증권,190650,3,2
예림당,036000,2,1
금비,008870,3,2
하나 인버스 2X 코스닥150 선물 ETN,700018,3,3
전방,000950,3,1
THE E&M,089230,3,2
스튜디오산타클로스,204630,3,2
에코바이오,038870,2,3
현대퓨처넷,126560,1,2
아이디스홀딩스,054800,2,3
율호,072770,1,3
케이프,064820,2,2
오파스넷,173130,2,3
삼영이엔씨,065570,2,2
삼현철강,017480,2,2
리더스 기술투자,019570,2,3
세토피아,222810,3,3
동운아나텍,094170,3,3
카이노스메드,284620,3,2
화천기계,010660,1,3
보해양조,000890,2,2
윌비스,008600,2,3
에쎈테크,043340,3,2
서산,079650,2,2
시큐레터,418250,3,3
코스맥스엔비티,222040,1,2
서원,021050,2,3
지니뮤직,043610,2,3
레몬,294140,3,3
신진에스엠,138070,2,3
코메론,049430,2,2
우정바이오,215380,3,2
KB S&P 인버스 2X WTI원유 선물 ETN,580037,3,2
QV 블룸버그 -2X WTI원유선물 ETN,550072,3,1
삼성 인버스 2X WTI원유 선물 ETN,530036,3,3
미래에셋 인버스 2X 원유선물혼합 ETN(H),520050,3,2
신한 블룸버그 인버스 2X WTI원유 선물 ETN,500066,3,3
위메이드맥스,101730,3,3
TRUE 블룸버그 인버스 2X WTI원유 선물 ETN,570079,3,3
메리츠 블룸버그 인버스 2X WTI선물 ETN(H),610042,3,2
삼성 블룸버그 인버스 2X WTI원유 선물 ETN,530100,3,3
하나 S&P 인버스 2X WTI원유 선물 ETN,700016,3,2
태양금속,004100,1,3
티에이치엔,019180,2,3
아센디오,012170,1,3
대유에이텍,002880,3,3
위메이드플레이,123420,3,3
토마토시스템,393210,3,3
STX그린로지스,465770,3,3
남화산업,111710,2,2
신한 인버스 2X WTI원유 선물 ETN(H),500027,3,2
범양건영,002410,3,2
체시스,033250,1,3
솔트웨어,328380,2,3
테스,095610,1,3
베셀,177350,3,2
아즈텍WB,032080,2,3
일양약품,007570,2,3
국영지앤엠,006050,2,3
유진테크,084370,1,3
부방,014470,2,3
태양금속우,004105,2,2
대덕1우,00806K,3,2
주연테크,044380,3,2
에프앤가이드,064850,2,2
노을,376930,3,3
리메드,302550,1,3
에이블씨엔씨,078520,1,3
모비스,250060,1,3
삼화전자,011230,3,3
남선알미늄,008350,2,3
남선알미우,008355,2,2
남성,004270,2,3
SG글로벌,001380,2,3
코다코,046070,3,3
에이비프로바이오,195990,1,3
PN풍년,024940,2,3
남화토건,091590,3,3
부국철강,026940,2,3
인스웨이브시스템즈,450520,3,3
윌링스,313760,2,3
엔터파트너즈,058450,3,3
